Symbol,Name,Last,Change,%Chg,Open,High,Low,Volume,Time
AAN,"Aarons Holdings Company",10.07,0,0.00%,10.09,10.11,10.07,879900,2024-08-23
AAOI,"Applied Optoelect",9.71,0.68,+7.53%,9.19,9.72,8.87,2349000,2024-08-23
AAT,"American Assets Trust",26.64,0.59,+2.26%,26.19,27.01,26.1,233300,2024-08-23
ABCB,"Ameris Bancorp",61.89,3.39,+5.79%,59.1,62.77,58.7,330800,2024-08-23
ABG,"Asbury Automotive Group Inc",241.78,10.89,+4.72%,232.91,242.06,232.84,147300,2024-08-23
ABM,"ABM Industries Inc",55.43,0.93,+1.71%,54.87,55.855,54.51,257900,2024-08-23
ABOS,"Acumen Pharmaceuticals Inc",2.91,0.1,+3.56%,2.85,2.95,2.81,175100,2024-08-23
ABR,"Arbor Realty Trust",13.33,0.17,+1.29%,13.23,13.485,13.17,2644800,2024-08-23
ABSI,"Absci Corp",4.49,0.26,+6.15%,4.3,4.5,4.23,747900,2024-08-23
ABUS,"Arbutus Biopharma Corp",3.89,0.08,+2.10%,3.85,3.93,3.84,960300,2024-08-23
ACA,"Arcosa Inc",91.41,4.05,+4.64%,88.49,91.86,87.885,270500,2024-08-23
ACAD,"Acadia Pharmaceutica",15.94,0.26,+1.66%,15.71,16.03,15.69,2544400,2024-08-23
ACCD,"Accolade Inc",4.42,0.22,+5.24%,4.23,4.52,4.23,800400,2024-08-23
ACCO,"Acco Brands Corp",5.45,0.22,+4.21%,5.28,5.5,5.277,614300,2024-08-23
ACDC,"Profrac Holding Corp. Cl A",6.5,0.39,+6.38%,6.25,6.82,6.25,1247300,2024-08-23
ACEL,"Accel Entertainment Inc",11.46,0.29,+2.60%,11.28,11.58,11.21,153700,2024-08-23
ACHR,"Archer Aviation Inc",3.82,0.14,+3.80%,3.72,3.8301,3.7,6400400,2024-08-23
ACHV,"Achieve Life Sciences Inc",4.51,0.11,+2.38%,4.43,4.6,4.43,84400,2024-08-23
ACIC,"American Coastal Insurance Corp",11.29,0.19,+1.71%,11.19,11.63,11.12,213900,2024-08-23
ACIW,"Aci Worldwide Inc",49.48,1.4,+2.91%,48.41,49.52,47.9,518200,2024-08-23
ACLS,"Axcelis Tech Inc",114.22,4.38,+3.99%,112.11,115.37,111.09,529200,2024-08-23
ACLX,"Arcellx Inc",69.38,2.92,+4.39%,66.9,69.52,66.9,281200,2024-08-23
ACMR,"Acm Research Inc",19.49,0.27,+1.40%,19.28,19.84,19.28,799600,2024-08-23
ACNB,"Acnb Corp",42.33,2.65,+6.68%,39.96,42.33,39.96,23800,2024-08-23
ACRE,"Ares Commercial Real Estate Cor",7.02,0.2,+2.93%,6.83,7.089,6.82,411400,2024-08-23
ACRV,"Acrivon Therapeutics Inc",9.36,0.67,+7.71%,8.92,9.38,8.87,40100,2024-08-23
ACT,"Enact Holdings Inc",35.2,0.34,+0.98%,35,35.51,34.85,252300,2024-08-23
ACTG,"Acacia Res-Acacia",4.79,0.12,+2.57%,4.7,4.86,4.67,261200,2024-08-23
ACVA,"Acv Auctions Inc Cl A",18.96,0.7,+3.83%,18.48,18.96,18.32,1889200,2024-08-23
ADCT,"Adc Therapeutics Sa",3.07,0.25,+8.87%,2.84,3.13,2.82,327200,2024-08-23
ADEA,"Adeia Inc",12.07,0.27,+2.29%,11.95,12.24,11.82,435400,2024-08-23
ADMA,"Adma Biologics",18.4,0.9,+5.14%,17.57,18.4,17.54,3643900,2024-08-23
ADNT,"Adient Plc",21.8,0.56,+2.64%,21.43,22.23,21.26,1018500,2024-08-23
ADPT,"Adaptive Biotechnologies Corp",4.86,0.46,+10.45%,4.41,4.91,4.41,1126300,2024-08-23
ADTN,"Adtran Holdings Inc",5.59,0.3,+5.67%,5.36,5.6,5.34,425900,2024-08-23
ADUS,"Addus Homecare Corp",133.58,1.19,+0.90%,132.65,134.78,132.49,114800,2024-08-23
ADV,"Advantage Solutions Inc",3.78,0.16,+4.42%,3.62,3.8,3.58,912400,2024-08-23
ADVM,"Adverum Biotechnologies Inc",7.32,0.27,+3.83%,7.05,7.37,7.01,114300,2024-08-23
AEHR,"Aehr Test Systems",14.59,1.14,+8.44%,13.68,14.6,13.62,823800,2024-08-23
AEIS,"Advanced Energy",110.7,3.12,+2.90%,107.78,111.69,107.37,276300,2024-08-23
AEO,"American Eagle Outfitters",22.17,0.84,+3.94%,21.5,22.305,21.45,3548100,2024-08-23
AESI,"Atlas Energy Solutions Inc Cl A",21.1,1.15,+5.76%,20.26,21.22,20.2,505100,2024-08-23
AEVA,"Aeva Technologies Inc",3.01,0.12,+4.15%,2.91,3.08,2.9,181100,2024-08-23
AEYE,"Audioeye Inc",23.43,1.73,+7.97%,22.07,23.56,22.02,92700,2024-08-23
AFCG,"Afc Gamma Inc",10.19,0.2,+2.00%,10.05,10.22,10.05,197400,2024-08-23
AFRI,"Forafric Global Plc",11.22,0.24,+2.19%,10.86,11.39,10.86,5800,2024-08-23
AGEN,"Agenus Inc",5.8,0.33,+6.03%,5.48,6.1,5.48,609800,2024-08-23
AGIO,"Agios Pharmaceuticals",46.22,0.52,+1.14%,46.23,46.68,45.55,227600,2024-08-23
AGL,"Agilon Health Inc",4.48,0,0.00%,4.52,4.766,4.425,2874100,2024-08-23
AGM,"Federal Agricultural Mortgage Corp",194.23,4.73,+2.50%,190.71,197.539,190.71,38900,2024-08-23
AGS,"Playags Inc",11.34,0.06,+0.53%,11.29,11.34,11.29,123900,2024-08-23
AGX,"Argan Inc",76.31,3.9,+5.39%,73.19,76.5,72.865,142600,2024-08-23
AGYS,"Agilysys Inc",110.4,1.68,+1.55%,109.35,111.71,108.97,147300,2024-08-23
AHCO,"Adapthealth Corp Cl. A",10.45,0.36,+3.57%,10.16,10.64,10.05,1272900,2024-08-23
AHH,"Armada Hoffler Properties Inc",12.17,0.27,+2.27%,11.99,12.28,11.92,328100,2024-08-23
AHR,"American Healthcare REIT Inc",21.01,0.73,+3.60%,20.28,21.01,20.19,1461500,2024-08-23
AI,"C3.Ai Inc Cl A",24.52,0.42,+1.74%,24.24,24.67,24.09,2459400,2024-08-23
AILE,"Ilearningengines Inc",3.51,-0.23,-6.15%,3.82,3.87,3.47,225000,2024-08-23
AIN,"Albany International Corp",91.42,2.25,+2.52%,90.17,92.54,90.17,120900,2024-08-23
AIOT,"Powerfleet Inc",4.89,0.02,+0.41%,4.83,4.94,4.76,976100,2024-08-23
AIP,"Arteris Inc",8.34,0.41,+5.17%,7.87,8.35,7.87,109800,2024-08-23
AIR,"AAR Corp",64.89,1.12,+1.76%,64.12,65.22,64.045,167900,2024-08-23
AIRS,"Airsculpt Technologies Inc",4.49,0.17,+3.94%,4.36,4.56,4.34,52700,2024-08-23
AISP,"Airship Ai Holdings Inc",3.39,-0.08,-2.31%,3.47,3.55,3.1,994400,2024-08-23
AIT,"Applied Industrial Technologies",207.95,5.21,+2.57%,203.71,210.79,203.71,368800,2024-08-23
AIV,"Apartment Investment and Management",8.91,0.11,+1.25%,8.87,9.07,8.85,1206800,2024-08-23
AKBA,"Akebia Therapeutics",1.53,0.06,+4.08%,1.52,1.58,1.475,2766000,2024-08-23
AKR,"Acadia Realty Trust",22.37,0.52,+2.38%,21.96,22.415,21.882,507600,2024-08-23
AKRO,"Akero Therapeutics Inc",27.46,1.35,+5.17%,26.52,27.82,26.24,533200,2024-08-23
AKYA,"Akoya Biosciences Inc",2.58,0.22,+9.32%,2.38,2.59,2.38,109300,2024-08-23
ALCO,"Alico Inc",29.23,0.92,+3.25%,28.75,29.4,28.75,26900,2024-08-23
ALDX,"Aldeyra Therapeu",5.57,0.34,+6.50%,5.26,5.69,5.24,516800,2024-08-23
ALE,"Allete Inc",63.3,-0.03,-0.05%,63.29,63.62,63.25,187700,2024-08-23
ALEC,"Alector Inc",5.31,0.24,+4.73%,5.13,5.34,5.11,339700,2024-08-23
ALEX,"Alexander and Baldwin Inc",19.38,0.31,+1.63%,19.22,19.57,19.11,214600,2024-08-23
ALG,"Alamo Group",184.32,4.09,+2.27%,181.92,186.245,181.57,48300,2024-08-23
ALGT,"Allegiant Travel Com",44.78,3.87,+9.46%,41.5,44.93,41.2,351400,2024-08-23
ALHC,"Alignment Healthcare Inc",9.27,0.25,+2.77%,9.09,9.39,8.94,480400,2024-08-23
ALIM,"Alimera Sciences Inc",5.59,0.01,+0.18%,5.59,5.6,5.58,210500,2024-08-23
ALIT,"Alight Inc Cl A",7.15,0.15,+2.14%,7.06,7.18,6.99,3964000,2024-08-23
ALKS,"Alkermes Plc",27.95,-0.04,-0.14%,27.97,28.31,27.73,1300400,2024-08-23
ALKT,"Alkami Technology Inc",33.7,1.82,+5.71%,32,33.72,31.89,871300,2024-08-23
ALLO,"Allogene Therapeutics Inc",2.61,0.02,+0.77%,2.62,2.72,2.56,2091300,2024-08-23
ALNT,"Allient Inc",20.89,0.23,+1.11%,20.83,21.68,20.72,234200,2024-08-23
ALRM,Alarm.com,61.67,1.6,+2.66%,60.32,62.14,60.18,549500,2024-08-23
ALRS,"Alerus Financial Corp",22.48,0.95,+4.41%,21.74,22.78,21.71,51200,2024-08-23
ALT,"Altimmune Inc",6.94,0.18,+2.66%,6.81,7.03,6.66,2143900,2024-08-23
ALTG,"Alta Equipment Group Inc",6.72,0.54,+8.74%,6.19,6.935,6.15,635800,2024-08-23
ALTI,"Alti Global Inc",4.64,0.48,+11.54%,4.2,4.73,4.16,192600,2024-08-23
ALTM,"Arcadium Lithium Plc",2.78,0.1,+3.73%,2.69,2.82,2.68,7725400,2024-08-23
ALTR,"Altair Engineering Inc Cl A",90.41,1.62,+1.82%,90.08,90.84,89.33,325800,2024-08-23
ALX,"Alexander's Inc",234.16,7.1,+3.13%,229.3,234.16,229,7600,2024-08-23
ALXO,"Alx Oncology Holdings Inc",2.39,0.06,+2.58%,2.36,2.48,2.34,744500,2024-08-23
AMAL,"Amalgamated Financial Corp",32.48,1.43,+4.61%,31.37,33.05,31.26,118900,2024-08-23
AMBA,"Ambarella Inc",49.87,1.61,+3.34%,49.4,50.76,48.79,711500,2024-08-23
AMBC,"Ambac Financial Group",11.5,0.24,+2.13%,11.37,11.68,11.33,346500,2024-08-23
AMBP,"Ardagh Metal Packaging S.A.",3.53,0.08,+2.32%,3.45,3.565,3.45,957700,2024-08-23
AMC,"AMC Entertainment Holdings",5.05,0.13,+2.64%,4.96,5.07,4.93,9168400,2024-08-23
AMCX,"AMC Networks Cl A",10.43,0.05,+0.48%,10.5,10.7,10.39,574600,2024-08-23
AMK,"Assetmark Financial Holdings Inc",35.04,0.039999999999999,+0.11%,35.05,35.07,35,286300,2024-08-23
AMN,"Amn Healthcare Services Inc",53.37,2.73,+5.39%,51.08,53.67,50.94,615300,2024-08-23
AMPH,"Amphastar Pharma",47.95,0.72,+1.52%,47.43,48.31,47.43,358800,2024-08-23
AMPL,"Amplitude Inc Cl A",8.81,0.31,+3.65%,8.61,8.86,8.58,341800,2024-08-23
AMPS,"Altus Power Inc",3.06,0.23,+8.13%,2.84,3.105,2.84,1395000,2024-08-23
AMPX,"Amprius Technologies Inc",1.14,0.07,+6.54%,1.05,1.17,1.05,560200,2024-08-23
AMPY,"Amplify Energy Corp",7.15,0.24,+3.47%,6.96,7.155,6.96,289500,2024-08-23
AMR,"Alpha Metallurgical Resources Inc",226.34,0.52000000000001,+0.23%,226.97,231.2,222.48,315200,2024-08-23
AMRC,"Ameresco Inc",29.68,2.13,+7.73%,27.83,29.72,27.63,224600,2024-08-23
AMRK,"A-Mark Precious Meta",37.56,1.35,+3.73%,36.45,37.64,36.28,329600,2024-08-23
AMRX,"Amneal Pharmaceuticals Inc",8.38,0.33,+4.10%,8.11,8.4,8.04,1836200,2024-08-23
AMSC,"Amer Superconductor",21.28,1.31,+6.53%,20.21,21.59,20.11,725500,2024-08-23
AMSF,"Amerisafe Inc",49.33,0.73,+1.50%,48.78,49.91,48.58,69600,2024-08-23
AMSWA,"Amer Software Inc",11.06,0.8,+7.80%,11,11.97,10.86,1690600,2024-08-23
AMTB,"Mercantil Bank Holding Cl A",22.07,1.35,+6.52%,20.93,22.47,20.68,139800,2024-08-23
AMTX,"Aemetis Inc",2.64,0.15,+6.02%,2.51,2.66,2.49,539900,2024-08-23
AMWD,"Amer Woodmark Corp",99.74,4.51,+4.74%,96.05,100.62,96.05,184800,2024-08-23
ANAB,"Anaptysbio Inc",37.75,0.46,+1.23%,37.51,38.05,36.72,252000,2024-08-23
ANDE,"Andersons Inc",49.91,1.08,+2.21%,49.05,50.58,48.99,152300,2024-08-23
ANF,"Abercrombie & Fitch Company",169.83,4.63,+2.80%,166.35,171.47,165.94,1122900,2024-08-23
ANGO,"Angiodynamics Inc",7.68,0.17,+2.26%,7.59,7.86,7.53,427200,2024-08-23
ANIK,"Anika Therapeutics",25.59,0.77,+3.10%,24.86,25.75,24.74,45500,2024-08-23
ANIP,"ANI Pharma Inc",61.68,1.16,+1.92%,61.01,61.99,60.34,102500,2024-08-23
ANNX,"Annexon Inc",5.89,0.09,+1.55%,5.81,6,5.71,1212000,2024-08-23
ANRO,"Alto Neuroscience Inc",11.41,0.75,+7.04%,10.69,11.42,10.69,84000,2024-08-23
AOMR,"Angel Oak Mortgage REIT Inc",11.13,0.08,+0.72%,11.09,11.21,10.95,138200,2024-08-23
AORT,"Artivion Inc",26.22,0.7,+2.74%,25.78,26.55,25.52,188900,2024-08-23
AOSL,"Alpha and Omega Semi",38.33,1.88,+5.16%,37.04,38.96,37.04,234100,2024-08-23
APAM,"Artisan Partners Asset Mgmt",42.07,0.78,+1.89%,41.63,42.51,41.5,330700,2024-08-23
APEI,"American Public Education",15.71,0.95,+6.44%,15.06,15.71,14.98,246900,2024-08-23
APGE,"Apogee Therapeutics Inc",48.36,0.54,+1.13%,48.14,48.98,46.74,384300,2024-08-23
APLD,"Applied Digital Corp",4.55,0.46,+11.25%,4.12,4.64,4.08,5238100,2024-08-23
APLE,"Apple Hospitality REIT Inc",14.5,0.23,+1.61%,14.37,14.62,14.3,1538900,2024-08-23
APLT,"Applied Therapeutics Inc",5.77,0.17,+3.04%,5.63,5.8,5.53,886000,2024-08-23
APOG,"Apogee Entrpr Inc",67.26,3.26,+5.09%,64.71,67.46,64.52,96500,2024-08-23
APPN,"Appian Corp Cl A",31.45,0.65,+2.11%,31.36,31.78,31.23,363100,2024-08-23
APPS,"Digital Turbine",3.98,0.37,+10.25%,3.65,4.24,3.65,4030200,2024-08-23
AQST,"Aquestive Therapeutics Inc",4.46,0.15,+3.48%,4.38,4.55,4.32,742900,2024-08-23
ARAY,"Accuray Inc",2.28,0.01,+0.44%,2.28,2.41,2.27,754700,2024-08-23
ARCB,"Arcbest Corp",111.06,4.24,+3.97%,107.18,111.6,107.18,138500,2024-08-23
ARCH,"Arch Resources Inc",124.98,4.21,+3.49%,121.16,125.77,119.645,512200,2024-08-23
ARCT,"Arcturus Therapeutics Ltd",21.99,0.52,+2.42%,21.83,22.25,21.34,248000,2024-08-23
ARDX,"Ardelyx Inc",6.35,0.3,+4.96%,6.04,6.48,6.03,4015300,2024-08-23
ARHS,"Arhaus Inc Cl A",12.71,0.91,+7.71%,11.96,12.84,11.84,1363600,2024-08-23
ARI,"Apollo Commercial Real Estate",10.34,0.22,+2.17%,10.19,10.43,10.14,675900,2024-08-23
ARIS,"Aris Water Solutions Inc Cl A",16.96,0.61,+3.73%,16.52,17.09,16.43,444100,2024-08-23
ARKO,"Arko Corp",6.33,0.22,+3.60%,6.17,6.36,6.09,314000,2024-08-23
ARL,"American Realty Investors",17.33,0.5,+2.97%,16.7,17.75,16.7,2900,2024-08-23
ARLO,"Arlo Technologies Inc",12.44,0.46,+3.84%,12.06,12.4999,12,590900,2024-08-23
AROC,"Archrock Inc",20.11,0.83,+4.30%,19.5,20.18,19.43,999100,2024-08-23
AROW,"Arrow Financial Corp",30.55,1.84,+6.41%,29.04,31.3,28.81,71500,2024-08-23
ARQ,"Arq Inc",7.01,0.52,+8.01%,6.54,7.05,6.54,306000,2024-08-23
ARQT,"Arcutis Biotherapeutics Inc",9.83,1.51,+18.15%,8.46,10.16,8.46,6271200,2024-08-23
ARR,"Armour Residential R",20.09,0.079999999999998,+0.40%,20.08,20.27,20.005,1047400,2024-08-23
ARRY,"Array Technologies Inc",6.92,0.36,+5.49%,6.63,6.96,6.58,4667900,2024-08-23
ARVN,"Arvinas Inc",26.18,1.75,+7.16%,24.65,26.23,24.6,647100,2024-08-23
ARWR,"Arrowhead Pharma",24.78,0.41,+1.68%,24.68,25.09,24.33,822700,2024-08-23
ASAN,"Asana Inc Cl A",13.9,0.56,+4.20%,13.57,13.92,13.415,1453400,2024-08-23
ASB,"Associated Banc-Corp",22.54,1.02,+4.74%,21.74,22.94,21.7,1495200,2024-08-23
ASC,"Ardmore Shipping Corp",18.76,0.13,+0.70%,18.71,19.199,18.67,445900,2024-08-23
ASGN,"On Assignment",96.13,3.19,+3.43%,93.72,96.75,93.72,271600,2024-08-23
ASIX,"Advansix Inc",30.31,1.05,+3.59%,29.49,30.575,29.28,151600,2024-08-23
ASLE,"Aersale Corp",5.19,0.11,+2.17%,5.14,5.32,5.12,334600,2024-08-23
ASO,"Academy Sports and Outdoors Inc",54.49,-0.26,-0.47%,55.14,55.28,54.29,1783500,2024-08-23
ASPI,"Asp Isotopes Inc",2.57,0.17,+7.08%,2.47,2.67,2.4,961300,2024-08-23
ASPN,"Aspen Aerogels Inc",30.14,0.91,+3.11%,29.59,31.16,29.41,1388300,2024-08-23
ASTE,"Astec Inds Inc",34.03,1.36,+4.16%,33,34.62,32.96,124100,2024-08-23
ASTH,"Astrana Health Inc",48.12,0.19,+0.40%,48.43,48.75,47.65,300800,2024-08-23
ASTS,"Ast Spacemobile Inc",32.86,-1.28,-3.75%,34.59,37.16,32.08,25736699,2024-08-23
ASUR,"Asure Software",8.77,0.14,+1.62%,8.68,8.93,8.65,123800,2024-08-23
ATEC,"Alphatec Holdings",5.74,0.05,+0.88%,5.75,6.04,5.71,2798000,2024-08-23
ATEN,"A10 Networks Inc",13.36,0.09,+0.68%,13.39,13.46,13.25,502200,2024-08-23
ATEX,"Anterix Inc.",38.09,0.55,+1.47%,37.63,38.78,37.63,569600,2024-08-23
ATGE,"Adtalem Global Education Inc",75.35,1.47,+1.99%,74.08,75.66,73.8,395800,2024-08-23
ATKR,"Atkore Inc",102.75,5.4,+5.55%,98.1,102.85,97.44,834100,2024-08-23
ATLC,"Atlanticus Holdings Corp",34.97,1.66,+4.98%,33.61,35.57,33.61,23300,2024-08-23
ATLO,"Ames Natl Corp",18.16,0.66,+3.77%,17.48,18.26,17.29,25600,2024-08-23
ATMU,"Atmus Filtration Technologies Inc",34.36,1.01,+3.03%,33.51,34.44,33.4,1611700,2024-08-23
ATNI,"Atn International",26.82,0.98,+3.79%,25.97,26.85,25.97,48100,2024-08-23
ATNM,"Actinium Pharmaceuticals Inc",2.01,-0.03,-1.47%,2.02,2.05,1.96,416300,2024-08-23
ATOS,"Atossa Therapeutics Inc",1.42,0.05,+3.65%,1.38,1.42,1.3683,581800,2024-08-23
ATRC,"Atricure Inc",25.44,1.09,+4.48%,24.59,25.6,24.48,494000,2024-08-23
ATRO,"Astronics Corp",20.72,0.81,+4.07%,20.03,20.9,19.93,133900,2024-08-23
ATSG,"Air Transport",16.43,0.74,+4.72%,15.8,16.5,15.75,534000,2024-08-23
ATXS,"Astri Therapeutics Inc",12.3,0.56,+4.77%,11.83,12.35,11.7,245800,2024-08-23
AUB,"Atlantic Union Bancshares Corp",39.56,2.07,+5.52%,37.79,40.02,37.71,493400,2024-08-23
AUPH,"Aurinia Pharm Ord",6.76,0.11,+1.65%,6.67,6.94,6.62,1701500,2024-08-23
AUR,"Aurora Innovation Inc Cl A",4.3,0.67,+18.46%,3.68,4.3,3.61,9415600,2024-08-23
AURA,"Aura Biosciences Inc",7.59,0.2,+2.71%,7.54,7.68,7.3,121900,2024-08-23
AVA,"Avista Corp",38.9,0.51,+1.33%,38.48,38.99,38.28,354400,2024-08-23
AVAH,"Aveanna Healthcare Holdings Inc",5.6,0.18,+3.32%,5.49,5.87,5.45,352200,2024-08-23
AVAV,"Aerovironment Inc",185.62,1.61,+0.87%,185.01,186.74,183.04,185800,2024-08-23
AVBP,"Arrivent Biopharma Inc",24.27,0.4,+1.68%,23.96,24.72,23.59,309600,2024-08-23
AVD,"American Vanguard Corp",5.87,0.25,+4.45%,5.63,5.885,5.625,301900,2024-08-23
AVDL,"Avadel Pharmaceuticals Plc ADR",16.5,0.33,+2.04%,16.28,16.59,16.26,464200,2024-08-23
AVDX,"Avidxchange Holdings Inc",7.89,0.12,+1.54%,8.13,8.13,7.82,3282400,2024-08-23
AVIR,"Atea Pharmaceuticals Inc",3.9,0.12,+3.17%,3.81,3.95,3.8,224100,2024-08-23
AVNS,"Avanos Medical Inc",23.63,0.42,+1.81%,23.38,23.95,23.25,170500,2024-08-23
AVNT,"Avient Corp",48.59,1.86,+3.98%,47.16,48.91,46.955,375600,2024-08-23
AVNW,"Aviat Networks Inc",27.72,0.74,+2.74%,27.28,28.37,26.85,384900,2024-08-23
AVO,"Mission Produce Inc",10.54,0.25,+2.43%,10.38,10.61,10.36,112900,2024-08-23
AVPT,"Avepoint Inc Cl A",10.79,0.04,+0.37%,10.85,10.91,10.73,872000,2024-08-23
AVTE,"Aerovate Therapeutics Inc",1.87,0.03,+1.63%,1.9,1.91,1.83,175900,2024-08-23
AVXL,"Anavex Lf SC",6.32,0.19,+3.10%,6.17,6.5,6.15,682300,2024-08-23
AWR,"American States Water Company",80.68,0.22000000000001,+0.27%,80.88,81.5,80.02,206200,2024-08-23
AX,"Axos Financial Inc",69.69,5.2,+8.06%,65.22,69.88,64.84,756200,2024-08-23
AXGN,"Axogen Inc",12.52,0.17,+1.38%,12.45,12.68,12.31,276100,2024-08-23
AXL,"American Axle & Manufacturing",6.53,0.28,+4.48%,6.33,6.66,6.295,2038500,2024-08-23
AXNX,"Axonics Inc",68.95,0.02,+0.03%,69.1,69.1,68.8,226300,2024-08-23
AXSM,"Axsome Thera",87.99,0.88,+1.01%,87.55,88.22,86.25,329700,2024-08-23
AZZ,"Azz Inc",83.41,4.24,+5.36%,80.17,84.315,78.95,229600,2024-08-23
B,"Barnes Group",38.44,0.54,+1.42%,38.28,38.95,38.14,196000,2024-08-23
BALY,"Bally's Corp",17.1,0.020000000000003,+0.12%,17.09,17.11,17.08,463900,2024-08-23
BANC,"First Pactrust Bancorp",14.64,0.71,+5.10%,14.11,14.86,14.065,2702500,2024-08-23
BAND,"Bandwidth Inc",17.33,0.99,+6.06%,16.58,17.36,16.55,268800,2024-08-23
BANF,"Bancfirst Corp",107.06,5.25,+5.16%,102.49,108.35,101.08,83100,2024-08-23
BANR,"Banner Corp",59.15,3.15,+5.63%,56.55,59.97,56.4,160300,2024-08-23
BARK,"Bark Inc",1.75,0.09,+5.42%,1.65,1.75,1.58,721400,2024-08-23
BASE,"Couchbase Inc",18.27,0.09,+0.50%,18.33,18.56,18.14,302200,2024-08-23
BATRA,"Atlanta Braves Holdings Inc",46.24,0.3,+0.65%,46.03,46.65,46.03,60200,2024-08-23
BATRK,"Atlanta Braves Holdings Inc C",43.74,0.45,+1.04%,43.31,44,43.3,188200,2024-08-23
BBAI,"Bigbear.Ai Holdings Inc",1.72,0.1,+6.17%,1.55,1.75,1.54,9024500,2024-08-23
BBCP,"Concrete Pumping Holdings Inc",6.47,0.31,+5.03%,6.15,6.51,6.15,110100,2024-08-23
BBIO,"Bridgebio Pharma Inc",25.31,0.42,+1.69%,25.05,25.67,24.63,911600,2024-08-23
BBSI,"Barrett Business S",35.77,0.19,+0.53%,35.77,36.44,35.41,310300,2024-08-23
BBUC,"Brookfield Business Corp",22.55,1.21,+5.67%,21.39,22.87,21.39,66500,2024-08-23
BBW,"Build-A-Bear Workshop",28.73,0.51,+1.81%,28.53,29.19,28.53,154900,2024-08-23
BCAL,"California Bancorp",14.92,0.61,+4.26%,14.44,15.1,14.31,114800,2024-08-23
BCBP,"Bcb Bancorp Inc",12.69,0.87,+7.36%,11.87,12.84,11.87,55100,2024-08-23
BCC,"Boise Cascade L.L.C.",138.66,8.76,+6.74%,131.06,139.265,130.31,265400,2024-08-23
BCML,"Bay Commercial Bk CA",23.15,1.3,+5.95%,21.79,23.24,21.79,17800,2024-08-23
BCO,"Brink's Company",109.22,3.96,+3.76%,106.58,109.75,105.6,346500,2024-08-23
BCPC,"Balchem Corp",172.74,4.91,+2.93%,168.9,173.96,168.9,92700,2024-08-23
BCRX,"Biocryst Pharma Inc",8.1,0.17,+2.14%,7.94,8.15,7.88,2232000,2024-08-23
BDC,"Belden Inc",106.69,2.69,+2.59%,104.82,107.02,104.41,240200,2024-08-23
BDN,"Brandywine Realty Trust",5.27,0.17,+3.33%,5.12,5.35,5.112,1765800,2024-08-23
BDTX,"Black Diamond Therapeutics Inc",6.46,0.34,+5.56%,6.19,6.66,5.96,614700,2024-08-23
BE,"Bloom Energy Corp Cl A",11.86,0.62,+5.52%,11.32,11.885,11.25,3648000,2024-08-23
BEAM,"Beam Therapeutics Inc",26.81,2.29,+9.34%,24.87,26.86,24.28,1421400,2024-08-23
BECN,"Beacon Roofing Suppl",90.6,3.27,+3.74%,88.57,91.18,88.07,741200,2024-08-23
BELFA,"BEL Fuse Cl A",86.99,2.29,+2.70%,85.13,87.5,84.8,8500,2024-08-23
BELFB,"BEL Fuse Inc Cl B",66.28,1.82,+2.82%,65.16,67.25,65.16,78800,2024-08-23
BFC,"Bank First National Corp [Wisconsin]",94.05,5.6,+6.33%,88.67,95,88.67,26600,2024-08-23
BFH,"Bread Financial Hldgs Inc",56.53,1.95,+3.57%,55.03,56.78,55.03,773300,2024-08-23
BFS,"Saul Centers",40.71,0.79,+1.98%,40.21,41.23,40.1796,30200,2024-08-23
BFST,"Business First Bancshares Inc",24.14,1.27,+5.55%,22.94,24.6,22.94,116400,2024-08-23
BGC,"Bgc Partners Cl A",9.7,0.18,+1.89%,9.6,9.73,9.54,2080000,2024-08-23
BGS,"B&G Foods Holdings",8.41,0.18,+2.19%,8.24,8.465,8.19,646900,2024-08-23
BH,"Biglari Holdings Inc",181.79,5.64,+3.20%,177,181.79,176.31,2800,2024-08-23
BHB,"Bar Harbor Bankshares",31.84,1.78,+5.92%,30.59,32.26,30.59,48200,2024-08-23
BHE,"Benchmark Electronics",42.74,1.37,+3.31%,41.74,43.23,41.71,214000,2024-08-23
BHLB,"Berkshire Hills Bancorp",27.73,1.19,+4.48%,26.72,28.36,26.72,277600,2024-08-23
BHR,"Braemar Hotels & Resorts Inc",3.04,0.08,+2.70%,2.98,3.08,2.97,308800,2024-08-23
BHRB,"Burke Herbert Financial Services Corp",66.97,3.93,+6.23%,63.25,69.61,62.53,108900,2024-08-23
BHVN,"Biohaven Ltd",41.73,1.77,+4.43%,40.31,41.91,40.027,716100,2024-08-23
BIGC,"Bigcommerce Holdings Inc",5.81,0.13,+2.29%,5.79,5.92,5.71,538600,2024-08-23
BIPC,"Brookfield Infrastructure Partners LP Cl A",41.06,1.65,+4.19%,39.9,41.31,39.6,788900,2024-08-23
BJRI,"Bj's Restaurants Inc",32.68,1.05,+3.32%,31.66,33.4,31.63,374400,2024-08-23
BKD,"Brookdale Senior Living Inc",7.15,0.23,+3.32%,6.96,7.19,6.9,2221000,2024-08-23
BKE,"Buckle Inc",43.7,2.03,+4.87%,41.82,45.47,41.62,909100,2024-08-23
BKH,"Black Hills Corp",58.24,0.53,+0.92%,58.02,58.55,57.65,749500,2024-08-23
BKSY,"Blacksky Technology Inc",1.31,0.12,+10.08%,1.2,1.33,1.2,1320100,2024-08-23
BKU,"BankUnited Inc",38.64,2.01,+5.49%,36.92,39.17,36.86,625300,2024-08-23
BL,"Blackline Inc",50.83,1.33,+2.69%,50,50.98,49.54,730200,2024-08-23
BLBD,"Blue Bird Corp",48.96,2.47,+5.30%,47,49.48,46.99,418300,2024-08-23
BLDE,"Blade Air Mobility Inc",3.12,0.11,+3.65%,3.03,3.17,3.01,410700,2024-08-23
BLFS,"Biolife Solutions",25.3,0.85,+3.48%,24.63,25.43,24.26,415600,2024-08-23
BLFY,"Blue Foundry Bancorp",10.8,0.52,+5.06%,10.32,10.96,10.25,48400,2024-08-23
BLKB,"Blackbaud Inc",81.77,2.29,+2.88%,80,81.94,79.96,278900,2024-08-23
BLMN,"Bloomin' Brands Inc",18.18,0.17,+0.94%,18.04,18.72,17.92,1255600,2024-08-23
BLND,"Blend Labs Inc Cl A",3.74,0.26,+7.47%,3.52,3.83,3.46,5740700,2024-08-23
BLNK,"Blink Charging Company",2.1,0.09,+4.48%,2.04,2.15,2.02,5076200,2024-08-23
BLUE,"Bluebird Bio",0.6887,0.0117,+1.73%,0.69,0.71,0.665,4788300,2024-08-23
BLX,"Banco Latinoamericano DE Comercio",30.29,0.64,+2.16%,29.9,30.57,29.55,118900,2024-08-23
BLZE,"Backblaze Inc Cl A",6.59,0.41,+6.72%,6.2,6.64,6.18,835500,2024-08-23
BMBL,"Bumble Inc",6.67,0.19,+2.93%,6.49,6.69,6.36,2982700,2024-08-23
BMEA,"Biomea Fusion Inc",7.61,0.74,+10.69%,6.92,8.25,6.82,1130600,2024-08-23
BMI,"Badger Meter",202.94,-0.02,-0.01%,204,206.44,202.83,142300,2024-08-23
BMRC,"Bank of Marin Bancrp",20.49,0.95,+4.86%,19.78,20.74,19.67,109200,2024-08-23
BNL,"Broadstone Net Lease Inc Cl A",18.17,0.22,+1.23%,18.05,18.32,17.99,850500,2024-08-23
BOC,"Boston Omaha Corp Cl A",13.91,0.48,+3.57%,13.55,13.99,13.52,99500,2024-08-23
BOH,"Bank of Hawaii Corp",67.86,3.47,+5.39%,65,68.72,64.363,486300,2024-08-23
BOLD,"Boundless Bio Inc",3.74,0.09,+2.47%,3.66,3.82,3.45,130000,2024-08-23
BOOM,"Dynamic Materials",11.9,0.74,+6.63%,11.24,11.94,11.24,188000,2024-08-23
BOOT,"Boot Barn Holdings Inc",142.39,3.59,+2.59%,140.52,143.02,138.92,568100,2024-08-23
BORR,"Borr Drilling Ltd",6.44,0.41,+6.80%,6.14,6.46,6.135,1981800,2024-08-23
BOX,"Box Inc",28.47,0.33,+1.17%,28.31,28.6,28.15,1604200,2024-08-23
BPMC,"Blueprint Medicines Corp",94.55,1.04,+1.11%,94.34,95.39,93.59,298700,2024-08-23
BPRN,"Princeton Bancorp Inc",38.09,1.89,+5.22%,36.75,38.09,36.75,11200,2024-08-23
BRCC,"Brc Inc Cl A",4.36,0.22,+5.31%,4.2,4.43,4.16,1141100,2024-08-23
BRKL,"Brookline Bancorp",10.23,0.44,+4.49%,9.83,10.34,9.81,1177400,2024-08-23
BRSP,"Brightspire Capital Inc",5.81,0.17,+3.01%,5.7,5.86,5.67,602200,2024-08-23
BRT,"BRT Realty Trust",18.44,0.53,+2.96%,17.98,18.79,17.98,26900,2024-08-23
BRY,"Berry Pete Corp",6.23,-0.05,-0.80%,6.2,6.28,6.14,1058200,2024-08-23
BRZE,"Braze Inc Cl A",44.86,1.39,+3.20%,44.03,44.93,43.58,677100,2024-08-23
BSIG,"Brightsphere Investment Group Plc",23.64,0.44,+1.90%,23.37,23.77,23.2,137900,2024-08-23
BSRR,"Sierra Bancorp",29.9,2.07,+7.44%,28.17,30.55,28.17,57200,2024-08-23
BSVN,"Bank7 Corp",39.34,2.02,+5.41%,37.16,39.6,37.03,9600,2024-08-23
BTBT,"Bit Digital Inc",3.83,0.04,+1.06%,3.84,3.87,3.61,10352100,2024-08-23
BTMD,"Biote Corp",5.96,0.21,+3.65%,5.8,6.02,5.8,96100,2024-08-23
BTSG,"Brightspring Health Services Inc",12.57,0.6,+5.01%,12.08,12.57,11.96,876800,2024-08-23
BTU,"Peabody Energy Corp",23.48,0.17,+0.73%,23.36,23.53,22.93,2111500,2024-08-23
BUR,"Burford Capital Ltd",13.39,0.35,+2.68%,13.18,13.5,13.17,462200,2024-08-23
BUSE,"First Busey Corp",27.44,1.49,+5.74%,26.21,27.82,26.16,222400,2024-08-23
BV,"Brightview Holdings Inc",15.73,0.41,+2.68%,15.3,15.86,15.3,621900,2024-08-23
BVS,"Bioventus Inc Cl A",9.92,0.04,+0.40%,9.83,10.09,9.47,1167500,2024-08-23
BWB,"Bridgewater Bancshares Inc",13.75,0.69,+5.28%,13.21,14,12.98,112600,2024-08-23
BWFG,"Bankwell Financial",28.95,1.65,+6.04%,27.32,29.23,27.32,27500,2024-08-23
BWIN,"The Baldwin Insurance Group Inc",44.46,1.02,+2.35%,43.7,44.87,43.32,349100,2024-08-23
BWMN,"Bowman Consulting Group Ltd",24.95,0.5,+2.04%,24.81,25.67,24.64,129600,2024-08-23
BXC,"Bluelinx Holdings Inc",104.63,7.79,+8.04%,97.65,104.64,97.5035,113700,2024-08-23
BXMT,"Blackstone Mortgage Trust Inc Cl A",18.03,0.4,+2.27%,17.63,18.09,17.63,1692200,2024-08-23
BY,"Byline Bancorp Inc",27.75,1.29,+4.88%,26.67,28.23,26.59,150600,2024-08-23
BYND,"Beyond Meat Inc",6.74,0.41,+6.48%,6.35,7.07,6.31,4977400,2024-08-23
BYON,"Beyond Inc",11.05,0.75,+7.28%,10.41,11.5699,10.38,3167100,2024-08-23
BYRN,"Byrna Technologies Inc",11.07,0.07,+0.64%,11.1,11.36,10.9,138800,2024-08-23
BZH,"Beazer Homes USA",32.49,1.31,+4.20%,31.65,32.62,31.05,920000,2024-08-23
CABA,"Cabaletta Bio Inc",6.06,0.26,+4.48%,5.9,6.26,5.89,678000,2024-08-23
CABO,"Cable One Inc",350.28,15.31,+4.57%,337.99,352.07,336.8851,53000,2024-08-23
CAC,"Camden Natl Corp",40.24,2.45,+6.48%,38.14,40.99,37.6,49700,2024-08-23
CADE,"Cadence Bank",32.77,1.48,+4.73%,31.6,33.29,31.325,1110700,2024-08-23
CADL,"Candel Therapeutics Inc",5.68,0.37,+6.97%,5.27,5.77,5.27,168500,2024-08-23
CAKE,"Cheesecake Fact",40.61,2.25,+5.87%,38.92,40.72,38.54,1290100,2024-08-23
CAL,"Caleres Inc",43.97,1.77,+4.19%,42.59,44.51,42.2,528600,2024-08-23
CALM,"Cal-Maine Foods IN",71.45,-0.61,-0.85%,72.36,72.5,71.04,334500,2024-08-23
CALX,"Calix Inc",37.54,1.18,+3.25%,36.53,37.65,36.3,442000,2024-08-23
CAPR,"Capricor Therap",4.56,-0.02,-0.44%,4.59,4.7,4.5,233800,2024-08-23
CARE,"Carter Bankshares Inc",17.2,1.07,+6.63%,16.25,17.25,16.2,131500,2024-08-23
CARG,"Cargurus Inc Cl A",28.72,0.7,+2.50%,28.33,29.04,28.24,532400,2024-08-23
CARS,"Cars.com Inc",18.15,0.87,+5.03%,17.47,18.34,17.405,484700,2024-08-23
CASH,"Pathward Financial Inc",67.03,2.69,+4.18%,64.55,67.92,64.39,139900,2024-08-23
CASS,"Cass Information Sys",43.25,1.55,+3.72%,41.9,43.72,41.84,34500,2024-08-23
CATX,"Perspective Therapeutics Inc",15.69,0.67,+4.46%,15.11,15.82,15.11,690700,2024-08-23
CATY,"Cathay Genl Bncp",44.84,2.41,+5.68%,42.85,45.43,42.56,303400,2024-08-23
CBAN,"Colony Bankcorp Inc",14.9,0.72,+5.08%,14.46,15.16,14.29,41400,2024-08-23
CBL,"Cbl & Associates Properties Inc",26.89,0.87,+3.34%,26.22,27.24,26.22,156700,2024-08-23
CBNK,"Capital Bancorp Inc",25.1,0.57,+2.32%,24.9,25.65,24.85,58300,2024-08-23
CBRL,"Cracker Barrel",40.83,-0.05,-0.12%,41.09,43.43,40.72,786700,2024-08-23
CBT,"Cabot Corp",104.24,2.86,+2.82%,102.49,105.3,101.98,466600,2024-08-23
CBU,"Community Financial System Inc",61.49,2.57,+4.36%,59.45,62.9,59.11,287900,2024-08-23
CBUS,"Cibus Inc",7.56,0.4,+5.59%,7.2,7.77,7.2,123100,2024-08-23
CBZ,"Cbiz Inc",72.02,0.83,+1.17%,71.69,72.68,71.5,291400,2024-08-23
CCB,"Coastal Financial Corp",53.05,2.58,+5.11%,50.88,54,50.44,52900,2024-08-23
CCBG,"Capital City Bank Gr",34.04,1.5,+4.61%,33.17,34.69,32.75,40300,2024-08-23
CCCC,"C4 Therapeutics Inc",6.64,0.58,+9.57%,6.16,6.72,6.13,1326500,2024-08-23
CCNE,"Cnb Financial Corp",24.82,1.87,+8.15%,23.2,24.82,23.2,62500,2024-08-23
CCO,"Clear Channel Outdoor Holdings",1.48,0.09,+6.47%,1.42,1.49,1.395,2054400,2024-08-23
CCOI,"Cogent Comm Hlds",72.93,0.56,+0.77%,72.96,74.15,72.54,357500,2024-08-23
CCRN,"Cross Ctry Hlthcr",15.34,0.85,+5.87%,14.95,15.74,14.9,560800,2024-08-23
CCS,"Century Communities Inc",103.89,6.58,+6.76%,98.58,104.05,98.19,314500,2024-08-23
CCSI,"Consensus Cloud Solutions",21.83,0.87,+4.15%,21.04,22.36,20.99,173000,2024-08-23
CDE,"Coeur Mining Inc",6.36,0.050000000000001,+0.79%,6.42,6.4999,6.27,4927000,2024-08-23
CDLX,"Cardlytics Inc",4.01,0.22,+5.80%,3.85,4.23,3.85,845900,2024-08-23
CDMO,"Avid Bioservices Inc",10.58,-0.07,-0.66%,10.76,10.95,10.48,445900,2024-08-23
CDNA,"Caredx Inc",31.54,0.58,+1.87%,31.22,32.27,30.61,761200,2024-08-23
CDP,"Copt Defense Properties",29.12,0.43,+1.50%,28.91,29.34,28.86,651900,2024-08-23
CDRE,"Cadre Holdings Inc",35.99,0.98,+2.80%,35.39,36.34,35.28,135200,2024-08-23
CDXC,"Chromadex Corp CS",3.51,0.22,+6.69%,3.31,3.66,3.31,450800,2024-08-23
CDXS,"Codexis Inc",3.05,0.15,+5.17%,2.93,3.12,2.92,306300,2024-08-23
CDZI,"Cadiz Inc",3.38,0.27,+8.68%,3.16,3.38,3.12,129600,2024-08-23
CECO,"Ceco Environmental Corp",28.65,1.17,+4.26%,27.75,29.06,27.44,134000,2024-08-23
CEIX,"Consol Energy Inc",94.87,3.44,+3.76%,92.35,95.3,91,553000,2024-08-23
CELC,"Celcuity Inc",17.35,0.47,+2.78%,16.95,18,16.8,1187000,2024-08-23
CENT,"Central Garden",39.63,0.99,+2.56%,39.03,39.96,38.74,85700,2024-08-23
CENTA,"Central Garden & Pet",34.26,0.83,+2.48%,33.63,34.63,33.47,175700,2024-08-23
CENX,"Century Aluminum C",15.16,1.08,+7.67%,14.35,15.21,14.12,953100,2024-08-23
CERS,"Cerus Corp",2.33,0.17,+7.87%,2.16,2.36,2.16,800500,2024-08-23
CEVA,"Ceva Inc",24.65,0.75,+3.14%,24.16,24.87,23.9,237700,2024-08-23
CFB,"Crossfirst Bankshares Inc",18.43,0.98,+5.62%,17.64,18.68,17.64,206700,2024-08-23
CFFN,"Capitol Fed Finl Inc",6.13,0.42,+7.36%,5.77,6.24,5.76,1282600,2024-08-23
CGEM,"Cullinan Therapeutics Inc",18.03,0.17,+0.95%,17.88,18.17,17.61,483900,2024-08-23
CGON,"Cg Oncology Inc",37.02,1.09,+3.03%,36.29,37.7,35.91,439400,2024-08-23
CHCO,"City Holding Company",119.15,4.5,+3.92%,115.5,121.81,115.5,65700,2024-08-23
CHCT,"Community Healthcare Trust Inc",19.2,0.27,+1.43%,18.98,19.46,18.88,243100,2024-08-23
CHEF,"The Chefs Warehouse",40.33,0.43,+1.08%,40.18,40.7,39.74,295200,2024-08-23
CHGG,"Chegg Inc",2.22,0.08,+3.74%,2.17,2.27,2.125,2412800,2024-08-23
CHMG,"Chemung Financial Corp",47,1.76,+3.89%,45.5,48.3,45.5,11100,2024-08-23
CHPT,"Chargepoint Hldgs Inc",1.92,0.1,+5.49%,1.85,2,1.84,14436700,2024-08-23
CHRS,"Coherus Bio",1.39,0.07,+5.30%,1.31,1.43,1.31,1538200,2024-08-23
CHUY,"Chuy's Holdings Inc",37.2,0.08,+0.22%,37.13,37.28,37.12,722700,2024-08-23
CHX,"Championx Corp",31.94,0.74,+2.37%,31.55,32.07,31.38,1016600,2024-08-23
CIFR,"Cipher Mining Inc",4,0.21,+5.54%,3.88,4,3.81,10858699,2024-08-23
CIM,"Chimera Investment Corp",15.31,0.43,+2.89%,14.95,15.34,14.89,541300,2024-08-23
CIO,"City Office REIT Inc",5.95,0.34,+6.06%,5.67,5.97,5.6501,154700,2024-08-23
CIVB,"Civista Bncshrs",16.94,0.59,+3.61%,16.49,17.18,16.47,62700,2024-08-23
CIX,"Compx International Inc",27.41,0.31,+1.14%,27.1,27.6499,26.495,6300,2024-08-23
CLAR,"Clarus Corp",4.6,0.01,+0.22%,4.61,4.72,4.5,734000,2024-08-23
CLB,"Core Laboratories Inc",18.37,0.26,+1.44%,18.35,18.7,18.15,488200,2024-08-23
CLBK,"Columbia Financial Inc",17.85,0.91,+5.37%,17.07,18.04,17.07,120600,2024-08-23
CLDT,"Chatham Lodging Trust REIT",8.55,0.3,+3.64%,8.32,8.63,8.25,383700,2024-08-23
CLDX,"Celldex Therapeutics",37.17,1.89,+5.36%,35.65,37.2,35.47,510500,2024-08-23
CLFD,"Clearfield Inc",37.85,1.02,+2.77%,37.1,38.6,37.1,125100,2024-08-23
CLMB,"Climb Global Solutions Inc",91.12,3.99,+4.58%,88.14,91.33,87.95,25000,2024-08-23
CLNE,"Clean Energy Fuels",3.25,0.18,+5.86%,3.09,3.28,3.08,1243600,2024-08-23
CLPR,"Clipper Realty Inc",4.63,0.04,+0.87%,4.62,4.79,4.62,64500,2024-08-23
CLSK,"Cleanspark Inc",12.61,0.74,+6.23%,12.03,12.75,11.88,29799900,2024-08-23
CLW,"Clearwater Paper Corp",34.36,1.12,+3.37%,33.19,35.38,33.19,260300,2024-08-23
CMC,"Commercial Metals Company",54.23,1.34,+2.53%,53.18,54.5,53.06,706600,2024-08-23
CMCL,"Caledonia Mining Corp",13.01,0.33,+2.60%,12.89,13.2,12.8205,98200,2024-08-23
CMCO,"Columbus Mckinnon",33.81,1.18,+3.62%,32.75,34.29,32.53,118500,2024-08-23
CMP,"Compass Minerals Intl Inc",9.25,-0.1,-1.07%,9.4,9.54,9.2,807400,2024-08-23
CMPO,"Composecure Inc",11.57,0.03,+0.26%,11.65,11.75,11.34,594500,2024-08-23
CMPR,"Cimpress N.V. Ord",92.19,1.64,+1.81%,90.81,94.11,90.27,121700,2024-08-23
CMPX,"Compass Therapeutics Inc",1.26,0.07,+5.88%,1.24,1.261,1.195,327600,2024-08-23
CMRE,"Costamare Inc",13.72,0.19,+1.40%,13.61,13.88,13.59,306100,2024-08-23
CMT,"Core Molding Technologies Inc",18.71,0.86,+4.82%,17.93,18.71,17.93,84600,2024-08-23
CMTG,"Claros Mortgage Trust Inc",8.09,0.27,+3.45%,7.83,8.24,7.83,289200,2024-08-23
CNDT,"Conduent Inc",3.64,0.34,+10.30%,3.33,3.66,3.33,1459300,2024-08-23
CNK,"Cinemark Holdings Inc",27.8,0.32,+1.16%,27.55,27.88,27.4,1528800,2024-08-23
CNMD,"C O N M E D Corp",71.95,3.8,+5.58%,68.54,72.34,67.9967,410300,2024-08-23
CNNE,"Cannae Holdings Inc",19.66,0.28,+1.44%,19.54,19.99,19.4401,239400,2024-08-23
CNO,"Cno Financial Group",33.87,1.08,+3.29%,33.08,33.92,33.02,706100,2024-08-23
CNOB,"Connectone Bancorp",25.31,1.75,+7.43%,23.8,25.45,23.63,181000,2024-08-23
CNS,"Cohn & Steers Inc",88.51,3.23,+3.79%,85.61,89.61,85.01,195900,2024-08-23
CNSL,"Consolidated Communications Holdings Inc",4.57,0.01,+0.22%,4.55,4.57,4.53,498800,2024-08-23
CNX,"CNX Resources Corp",27.47,0.47,+1.74%,27.5,27.505,27.19,1708800,2024-08-23
CNXN,"PC Connection Inc",71.46,1.73,+2.48%,69.9,71.67,69.9,55000,2024-08-23
COCO,"The Vita Coco Company Inc",24.89,0.01,+0.04%,24.97,25.41,24.63,246200,2024-08-23
CODI,"Compass Diversified Holdings",22.12,0.97,+4.59%,21.3,22.17,21.17,185300,2024-08-23
COFS,"Choiceone Financial",29.33,1.42,+5.09%,28,29.66,28,47800,2024-08-23
COGT,"Cogent Biosciences Inc",10.18,0.46,+4.73%,9.77,10.43,9.75,1139700,2024-08-23
COHU,"Cohu Inc",26.87,0.78,+2.99%,26.54,27.11,26.33,245600,2024-08-23
COLL,"Collegium Pharma",36.26,0.22,+0.61%,36.16,36.55,35.92,300900,2024-08-23
COMM,"Commscope Holding Company",4.37,0.33,+8.17%,4.07,4.41,4.07,3375300,2024-08-23
COMP,"Compass Inc Cl A",5.13,0.44,+9.38%,4.75,5.22,4.715,9961500,2024-08-23
COOK,"Traeger Inc",3.61,0.27,+8.08%,3.39,3.655,3.32,445600,2024-08-23
COOP,"Mr.Cooper Group Inc",92.76,2.13,+2.35%,90.73,93.41,90.73,339400,2024-08-23
CORT,"Corcept Therapeutics",34.79,0.51,+1.49%,34.51,35.29,34.28,394300,2024-08-23
CORZ,"Core Scientific Inc",10.76,0.88,+8.91%,10.17,10.8,9.82,11447399,2024-08-23
COUR,"Coursera Inc",8.36,0.35,+4.37%,8.11,8.36,8.08,1234100,2024-08-23
CPF,"Central Pacific Financial Company",27.62,1.18,+4.46%,26.62,28.07,26.32,292600,2024-08-23
CPK,"Chesapeake Utilities Corp",116.88,2.25,+1.96%,114.62,117.47,112.92,79400,2024-08-23
CPRX,"Catalyst Pharm Inc",20.32,-0.42,-2.03%,20.74,20.75,20.22,956800,2024-08-23
CPS,"Cooper Std Holdings Inc",16.42,1.1,+7.18%,15.51,16.565,15.51,174300,2024-08-23
CPSS,"Consumer Portfol",8.4,-0.18,-2.10%,8.58,9.48,8.35,98700,2024-08-23
CRAI,"Cra International",163.48,3.06,+1.91%,161.15,165.45,161.15,47200,2024-08-23
CRBP,"Corbus Pharmaceuticals Hldgs Inc",59.7,0.18,+0.30%,60,61.48,58.85,248700,2024-08-23
CRBU,"Caribou Biosciences Inc",2.21,0.12,+5.74%,2.1,2.31,2.1,1070000,2024-08-23
CRC,"California Resources Corp",51.85,0.49,+0.95%,52.1,52.5999,51.3,750900,2024-08-23
CRCT,"Cricut Inc Cl A",5.79,0,0.00%,5.8,5.99,5.77,642200,2024-08-23
CRD.A,"Crawford Company Cl A",10.65,0.39,+3.80%,10.3,10.73,10.3,59600,2024-08-23
CRDF,"Cardiff Oncology Inc",2.39,0.1,+4.37%,2.31,2.47,2.3,442400,2024-08-23
CRDO,"Credo Technology Group Holding Ltd",36.45,1.23,+3.49%,35.71,36.8,35.48,3228300,2024-08-23
CRGX,"Cargo Therapeutics Inc",17.95,0.57,+3.28%,17.44,18,17.3,461100,2024-08-23
CRGY,"Crescent Energy Company Cl A",11.27,0.19,+1.71%,11.22,11.315,11.07,1417100,2024-08-23
CRK,"Comstock Resources",11.43,0.72,+6.72%,10.89,11.44,10.89,4044300,2024-08-23
CRMD,"Cormedix Inc",5.65,0.55,+10.78%,5.15,5.74,5.1,1106600,2024-08-23
CRML,"Critical Metals Corp",9.2,-0.33,-3.46%,9.65,9.65,9,20300,2024-08-23
CRMT,"America's Car-Mart",62.51,3.32,+5.61%,60,62.6,59.88,108400,2024-08-23
CRNC,"Cerence Inc",3.61,0.2,+5.87%,3.46,3.63,3.35,1364700,2024-08-23
CRNX,"Crinetics Pharmaceuticals Inc",53.15,-0.09,-0.17%,53.94,54.06,52.83,573900,2024-08-23
CRS,"Carpenter Technology Corp",144.79,2.66,+1.87%,143.12,146.3538,142.19,379300,2024-08-23
CRSR,"Corsair Gaming Inc",6.79,0.33,+5.11%,6.53,6.82,6.53,533500,2024-08-23
CRVL,"Corvel Corp",314.57,6.72,+2.18%,310.58,316.65,310.5,32300,2024-08-23
CRVO,"Cervomed Inc",16.32,0.62,+3.95%,15.88,16.97,15.53,38900,2024-08-23
CSGS,"C S G Sys Intl",47.15,0.58,+1.25%,46.77,47.55,46.55,169100,2024-08-23
CSR,Centerspace,74.18,0.88000000000001,+1.20%,74.08,75.19,73.34,341400,2024-08-23
CSTE,"Caesarstone Sdot-Yam",4.9,0.3,+6.52%,4.66,4.94,4.66,33700,2024-08-23
CSTL,"Castle Biosciences Inc",29.57,2.04,+7.41%,28.1,30.45,28.1,721700,2024-08-23
CSTM,"Constellium N.V.",16.56,0.63,+3.95%,16.01,16.64,15.955,789400,2024-08-23
CSV,"Carriage Services",32.3,0.95,+3.03%,31.53,32.36,31.47,87900,2024-08-23
CSWI,"Csw Industrials Inc",325.18,11.94,+3.81%,315.3,325.38,315.3,74600,2024-08-23
CTBI,"Community TR Bancp",50.16,2.43,+5.09%,48.15,51.13,48.13,47800,2024-08-23
CTGO,"Contango Ore Inc",21.05,0.030000000000001,+0.14%,21.38,21.38,20.8241,59400,2024-08-23
CTKB,"Cytek Biosciences Inc",5.65,0.42,+8.03%,5.3,5.7,5.2,788600,2024-08-23
CTLP,"Cantalope Inc",6.95,0.14,+2.06%,6.86,7.03,6.79,193200,2024-08-23
CTNM,"Contineum Therapeutics Inc",20.06,1.82,+9.98%,18.56,20.06,18.56,43900,2024-08-23
CTO,"Cto Realty Growth Inc",18.9,0.4,+2.16%,18.68,19.14,18.62,955500,2024-08-23
CTOS,"Custom Truck One Source",4.5,0.12,+2.74%,4.4,4.6,4.351,1033100,2024-08-23
CTRE,"Caretrust REIT Inc",29.21,0.33,+1.14%,28.84,29.24,28.84,1214200,2024-08-23
CTRI,"Centuri Holdings Inc",17.33,1.05,+6.45%,16.4,17.37,16.23,146500,2024-08-23
CTRN,"Citi Trends Inc",15.95,0.8,+5.28%,15.22,16.06,15.22,118100,2024-08-23
CTS,"Cts Corp",49.66,1.85,+3.87%,48.34,50,48.1658,111800,2024-08-23
CTV,"Innovid Corp",1.84,0.12,+6.98%,1.76,1.85,1.76,176200,2024-08-23
CUBI,"Customers Bancorp",51,2.48,+5.11%,48.85,51.86,48.83,550100,2024-08-23
CURV,"Torrid Holdings Inc",6.79,0.66,+10.77%,6.23,6.8,6.18,167300,2024-08-23
CVBF,"Cvb Financial Corp",18.19,1.09,+6.37%,17.19,18.39,17.14,967300,2024-08-23
CVCO,"Cavco Inds Inc",409.16,19.75,+5.07%,390.4,411.36,390.4,59000,2024-08-23
CVGI,"Commercial Vehicle G",3.69,0.09,+2.50%,3.64,3.81,3.57,141300,2024-08-23
CVGW,"Calavo Growers Inc",24.11,0.54,+2.29%,23.71,24.33,23.67,128600,2024-08-23
CVI,"Cvr Energy Inc",24.81,0.61,+2.52%,24.44,24.84,24.21,640800,2024-08-23
CVLG,"Covenant Logistics Group Inc",53.83,1.85,+3.56%,52.95,53.95,52.67,38500,2024-08-23
CVLT,"Commvault Systems",152.62,4.1,+2.76%,149.22,152.94,148.73,253000,2024-08-23
CVRX,"Cvrx Inc",8.73,0.39,+4.68%,8.42,8.88,8.42,323900,2024-08-23
CWAN,"Clearwater Analytics Holdings Inc Cl A",24.63,0.32,+1.32%,24.52,24.65,24.21,906200,2024-08-23
CWBC,"Community West Bank",20.3,0.97,+5.02%,19.56,20.8,19.56,54000,2024-08-23
CWCO,"Cons Water Inc",26.96,0.47,+1.77%,26.64,27.12,26.45,66000,2024-08-23
CWH,"Camping World Holdings Inc",22.53,2.11,+10.33%,20.62,22.615,20.46,1720400,2024-08-23
CWK,"Cushman & Wakefield Plc",13.38,0.53,+4.12%,12.99,13.535,12.88,1902100,2024-08-23
CWST,"Casella Waste Sys",107.1,1.85,+1.76%,105.88,107.36,105.24,237500,2024-08-23
CWT,"California Water Service Group Holding",53.59,-0.51,-0.94%,54.39,54.7,53.06,456900,2024-08-23
CXM,"Sprinklr Inc Cl A",8.93,0.16,+1.82%,8.86,8.9665,8.7,1061700,2024-08-23
CXW,"Corecivic Inc",13.82,0.37,+2.75%,13.5,13.83,13.48,778400,2024-08-23
CYH,"Community Health Systems",5.06,0.19,+3.90%,4.91,5.14,4.91,1545300,2024-08-23
CYRX,"Cryoport Inc",8.86,0.29,+3.38%,8.64,9.14,8.56,418300,2024-08-23
CYTK,Cytokinetics,57.32,1.07,+1.90%,56.57,57.94,56.21,1206800,2024-08-23
CZFS,"Citizens Fincl Svcs",55.36,6.36,+12.98%,50.13,55.36,50,8600,2024-08-23
CZNC,"Citizens Nrthn Corp",20.08,1.06,+5.57%,19.23,20.25,19.23,36500,2024-08-23
DAKT,"Daktronics Inc",15.84,0.71,+4.69%,15.17,15.85,15.16,328900,2024-08-23
DAN,"Dana Inc",11.1,0.42,+3.93%,10.79,11.25,10.72,1005400,2024-08-23
DAVE,"Dave Inc",39.44,1.02,+2.65%,39,40.08,38.46,443900,2024-08-23
DAWN,"Day One Biopharmaceuticals Inc",14.09,0.41,+3.00%,13.81,14.18,13.76,665400,2024-08-23
DBD,"Diebold Nixdorf Incorporated",39.68,0.98,+2.53%,38.87,40.19,38.87,145500,2024-08-23
DBI,"Designer Brands Inc",8.05,0.31,+4.01%,7.86,8.145,7.82,1777700,2024-08-23
DBRG,"Digitalbridge Group Inc",12.79,0.72,+5.97%,12.15,12.88,12.12,2340300,2024-08-23
DC,"Dakota Gold Corp",2.33,0.15,+6.88%,2.2,2.35,2.19,157400,2024-08-23
DCGO,"Docgo Inc.",3.72,0.26,+7.51%,3.51,3.79,3.46,457600,2024-08-23
DCO,"Ducommun Inc",64.91,0.50999999999999,+0.79%,65.02,65.6,63,69600,2024-08-23
DCOM,"Dime Community Bancshares Inc",25.1,1.9,+8.19%,23.52,25.39,23.52,209600,2024-08-23
DDD,"3D Systems Corp",2.63,0.1,+3.95%,2.58,2.785,2.51,2630900,2024-08-23
DEA,"Easterly Government Properties",13.45,0,0.00%,13.54,13.67,13.37,3092400,2024-08-23
DEC,"Diversified Energy Company Plc",12.47,0.22,+1.80%,12.43,12.675,12.32,240900,2024-08-23
DEI,"Douglas Emmett",15.74,0.61,+4.03%,15.18,15.845,15.18,1092300,2024-08-23
DENN,"Dennys Corp",6.25,0.17,+2.80%,6.11,6.36,6.11,409300,2024-08-23
DESP,"Despegar.com Corp",11.65,0.61,+5.53%,11.18,11.725,11.18,657200,2024-08-23
DFH,"Dream Finders Homes Inc Cl A",33.61,2.59,+8.35%,31.41,33.61,31.41,562600,2024-08-23
DFIN,"Donnelly Financial Solutions Inc",66.52,1.52,+2.34%,65.38,66.605,65.08,95300,2024-08-23
DGICA,"Donegal Group Cl A",14.97,0.35,+2.39%,14.65,15,14.65,67500,2024-08-23
DGII,"Digi Intl Inc",29.47,1.01,+3.55%,28.74,29.61,28.6,123700,2024-08-23
DH,"Definitive Healthcare Corp Cl A",4.53,0.27,+6.34%,4.32,4.68,4.32,817300,2024-08-23
DHC,"Diversified Healthcare Trust",3.5,0.29,+9.03%,3.26,3.55,3.23,1251300,2024-08-23
DHIL,"Diamond Hill Inv",160.96,3.87,+2.46%,157.1,162.86,156.5,23300,2024-08-23
DHT,"Dht Holdings",10.67,0.1,+0.95%,10.61,10.955,10.5202,1761300,2024-08-23
DIBS,"1stdibs.com Inc",4.78,0.24,+5.29%,4.59,4.81,4.39,64000,2024-08-23
DIN,"Dineequity Inc",32.87,0.71,+2.21%,32.48,33.62,32.2528,400900,2024-08-23
DIOD,"Diodes Inc",71.28,4.31,+6.44%,68.1,71.49,67.77,296000,2024-08-23
DJCO,"Daily Journal Corp",488.55,30.94,+6.76%,459.3,490.02,459.3,27000,2024-08-23
DK,"Delek US Holdings",20.81,0.71,+3.53%,20.27,21.075,20.27,1192700,2024-08-23
DLHC,"Dlh Holdings Corp",11.02,0.52,+4.95%,10.68,11.24,10.59,54400,2024-08-23
DLX,"Deluxe Corp",20.41,1.02,+5.26%,19.68,20.6,19.54,212600,2024-08-23
DMRC,"Digimarc Corp",28.81,1.29,+4.69%,27.73,29.03,27.66,86500,2024-08-23
DNLI,"Denali Therapeutics Inc",24.77,0.88,+3.68%,24.11,25.01,23.85,714800,2024-08-23
DNMRW,"Danimer Scientific Inc",0.107,0.007,+7.00%,0.09,0.187,0.09,497500,2024-08-23
DNOW,"Dnow Inc",12.9,0.35,+2.79%,12.64,12.97,12.59,652700,2024-08-23
DNTH,"Dianthus Therapeutics Inc",28.3,0.68,+2.46%,27.99,28.9,27.84,122200,2024-08-23
DNUT,"Krispy Kreme Inc",10.69,-0.04,-0.37%,10.83,10.9,10.64,895900,2024-08-23
DO,"Diamond Offshore Drilling Inc",14.36,0.39,+2.79%,14.04,14.39,14.04,2394200,2024-08-23
DOCN,"Digitalocean Holdings Inc",38,1.42,+3.88%,36.98,38.8283,36.6601,1358700,2024-08-23
DOLE,"Dole Plc",15.8,0.08,+0.51%,15.75,15.86,15.72,926900,2024-08-23
DOMO,"Domo Inc Cl B",8.09,0.21,+2.66%,7.9,8.12,7.7,312200,2024-08-23
DORM,"Dorman Products Inc",111.89,2.74,+2.51%,109.42,113.38,109.05,126500,2024-08-23
DRH,"Diamondrock Hospitality Company",8.67,0.19,+2.24%,8.54,8.725,8.47,1385300,2024-08-23
DRQ,Dril-Quip,15.94,0.55,+3.57%,15.57,16.21,15.53,246500,2024-08-23
DRS,"Leonardo Drs Inc",28.42,0.36,+1.28%,28.41,29.02,28.14,435600,2024-08-23
DRVN,"Driven Brands Holdings Inc",14.5,0.47,+3.35%,14.08,14.52,14.01,437400,2024-08-23
DSGN,"Design Therapeutics Inc",4.89,-0.02,-0.41%,4.94,5.07,4.8,119100,2024-08-23
DSGR,"Distribution Solutions Group Inc",37.43,1.21,+3.34%,35.61,37.45,35.59,58600,2024-08-23
DSP,"Viant Technology Inc",11.09,0.43,+4.03%,10.73,11.35,10.71,91800,2024-08-23
DTC,"Solo Brands Inc Cl A",1.56,0.1,+6.85%,1.46,1.67,1.44,393800,2024-08-23
DTI,"Drilling Tools International Corp",4.07,0.16,+4.09%,3.8,4.17,3.8,22400,2024-08-23
DVAX,"Dynavax Technologies",11.49,0.21,+1.86%,11.38,11.57,11.23,1333100,2024-08-23
DX,"Dynex Capital",12.32,0.14,+1.15%,12.17,12.37,12.16,1362700,2024-08-23
DXLG,"Destination XL Group",2.95,0.18,+6.50%,2.82,3.03,2.82,470200,2024-08-23
DXPE,"Dxp Enterprise",51.85,1.69,+3.37%,50.24,51.85,50.2,80900,2024-08-23
DY,"Dycom Industries",180.12,4.43,+2.52%,176.59,180.69,173.86,435200,2024-08-23
DYN,"Dyne Therapeutics Inc",46.53,1.04,+2.29%,45.79,46.81,45.13,605400,2024-08-23
EAF,"Graftech International Ltd",0.7333,0.0812,+12.45%,0.6555,0.7333,0.6555,1603500,2024-08-23
EAT,"Brinker International",71.13,2.55,+3.72%,69.03,72,68.84,1500300,2024-08-23
EB,"Eventbrite Inc",3.41,0.04,+1.19%,3.37,3.52,3.37,1059800,2024-08-23
EBC,"Eastern Bankshares Inc",16.64,0.91,+5.79%,15.85,16.75,15.8,1134500,2024-08-23
EBF,"Ennis Inc",23.3,0.46,+2.01%,22.89,23.38,22.845,96700,2024-08-23
EBTC,"Enterprise Bancorp",30.42,1.77,+6.18%,28.7,30.89,28.7,23100,2024-08-23
ECPG,"Encore Capital Group",50.58,1.6,+3.27%,49.15,51.13,48.99,123900,2024-08-23
ECVT,"Pq Group Holdings Inc",6.89,0.2,+2.99%,6.71,6.97,6.71,1223100,2024-08-23
EDIT,"Editas Medicine",3.87,0.08,+2.11%,3.82,4,3.77,1700200,2024-08-23
EE,"Excelerate Energy Inc Cl A",19.6,0.28,+1.45%,19.5,19.715,19.48,111900,2024-08-23
EEX,"Emerald Expositions Events Inc",5.33,0.24,+4.72%,5.09,5.44,5.075,59700,2024-08-23
EFC,"Ellington Financial Llc",13.38,0.16,+1.21%,13.27,13.42,13.245,1006700,2024-08-23
EFSC,"Enterprises Finl Svc",52.81,2.53,+5.03%,50.75,53.66,50.73,148800,2024-08-23
EGAN,"Egain Corp",7.59,0.23,+3.13%,7.43,7.59,7.43,44200,2024-08-23
EGBN,"Eagle Bancorp Inc",22.09,2.13,+10.67%,20.22,22.33,20.22,390300,2024-08-23
EGHT,"8X8 Inc",1.95,0.14,+7.73%,1.82,1.97,1.82,884100,2024-08-23
EGY,"Vaalco Energy Inc",6.33,0.1425,+2.30%,6.23,6.4,6.22,993500,2024-08-23
EHAB,"Enhabit Inc",8.21,0.19,+2.37%,8.09,8.355,8.01,400500,2024-08-23
EIG,"Employers Holdings Inc",47.38,0.72000000000001,+1.54%,46.81,47.775,46.81,92500,2024-08-23
ELEV,"Elevation Oncology Inc",0.8088,0.0088,+1.10%,0.8,0.8266,0.785,629100,2024-08-23
ELME,"Elme Communities",17.24,0.15,+0.88%,17.22,17.48,17.16,354800,2024-08-23
ELVN,"Enliven Therapeutics Inc",23,0.1,+0.44%,23,23.14,22.7,123600,2024-08-23
ELYM,"Eliem Therapeutics Inc",6,0.19,+3.27%,5.77,6.02,5.65,140100,2024-08-23
EMBC,"Embecta Corp",14,0.81,+6.14%,13.3,14.07,13.07,306800,2024-08-23
EML,"Eastern Company",31.09,1.54,+5.21%,29.24,31.21,29.24,100200,2024-08-23
ENFN,"Enfusion Inc Cl A",8.29,0.17,+2.09%,8.18,8.36,8.17,322300,2024-08-23
ENR,"Energizer Holdings Inc",30.37,0.14,+0.46%,30.39,30.68,30.19,588100,2024-08-23
ENS,"Enersys Inc",98.64,2.07,+2.14%,97.31,100.15,97.28,211900,2024-08-23
ENSG,"The Ensign Group IN",148.07,1.7,+1.16%,146.95,148.17,145.83,261000,2024-08-23
ENTA,"Enanta Pharmaceutica",13.09,0.56,+4.47%,12.67,13.14,12.48,248500,2024-08-23
ENV,"Envestnet Inc",63,0.2,+0.32%,62.9,63,62.83,972400,2024-08-23
ENVA,"Enova International Inc",85.89,3.43,+4.16%,82.92,86.01,82.53,178200,2024-08-23
ENVX,"Enovix Corp",10.57,0.34,+3.32%,10.35,10.84,10.33,3697000,2024-08-23
EOLS,"Evolus Inc",15.86,0.38,+2.45%,15.43,16.29,15.31,757600,2024-08-23
EP,"Empire Petroleum Corp",5.43,0.15,+2.84%,5.33,5.45,5.21,77500,2024-08-23
EPAC,"Actuant Corp",40.71,0.66,+1.65%,40.38,41.11,40.17,167800,2024-08-23
EPC,"Edgewell Personal Care",40.12,0.31,+0.78%,39.98,40.56,39.82,278400,2024-08-23
EPM,"Evolution Petroleum Corp",5.14,0.13,+2.59%,5.04,5.155,5.02,583300,2024-08-23
EPRT,"Essential Properties Realty Trust Inc",31.62,0.47,+1.51%,31.31,31.78,31.11,1029200,2024-08-23
EQBK,"Equity Bncsrs Cm A",40.76,1.76,+4.51%,39.28,41.77,39.28,49200,2024-08-23
EQC,"Equity Commonwealth",20.25,0,0.00%,20.3,20.36,20.245,896500,2024-08-23
ERAS,"Erasca Inc",2.75,0.01,+0.36%,2.62,2.85,2.6,1589800,2024-08-23
ERII,"Energy Recovery Inc",18.23,0.49,+2.76%,17.94,18.24,17.73,387900,2024-08-23
ESCA,"Escalade Inc",14.08,0.88,+6.67%,13.78,14.1,13.39,20600,2024-08-23
ESE,"Esco Technologies Inc",119.87,2.04,+1.73%,119.05,120.88,118.24,85400,2024-08-23
ESGR,"Enstar Group Ltd",326.6,3.51,+1.09%,323.73,326.72,323.66,85800,2024-08-23
ESNT,"Essent Group Ltd",62.92,1.23,+1.99%,62.13,63.55,61.79,516000,2024-08-23
ESPR,"Esperion Theraptc",1.77,0.06,+3.51%,1.72,1.805,1.72,3156000,2024-08-23
ESQ,"Esquire Financial Holdings Inc",61.26,2.82,+4.83%,59.08,62.11,59.08,42500,2024-08-23
ESRT,"Empire State Realty Trust Inc",10.42,0.34,+3.37%,10.13,10.515,10.13,1005100,2024-08-23
ESSA,"Essa Bancorp Inc",18.64,0.83,+4.66%,18,18.64,17.96,15700,2024-08-23
ETD,"Ethan Allen Interiors Inc",31.08,1.35,+4.54%,30.03,31.175,29.85,320700,2024-08-23
ETNB,"89Bio Inc",8.85,0.38,+4.55%,8.59,8.88,8.45,349200,2024-08-23
ETWO,"E2Open Parent Hldg",4.29,0.16,+3.87%,4.17,4.325,4.16,1528200,2024-08-23
EU,"Encore Energy Corp",3.61,0.38,+11.76%,3.42,3.77,3.41,1890000,2024-08-23
EVC,"Entravision Communications Corp",2.06,0.12,+6.19%,1.96,2.085,1.96,375700,2024-08-23
EVCM,"Evercommerce Inc",10.41,0.16,+1.56%,10.32,10.48,10.29,124200,2024-08-23
EVER,"Everquote Inc Cl A",22.17,1.61,+7.83%,21,22.4,20.88,501000,2024-08-23
EVEX,"Eve Holding Inc",2.68,0.18,+7.20%,2.49,2.76,2.485,128100,2024-08-23
EVGO,"Evgo Inc",4.21,0.47,+12.57%,3.79,4.24,3.74,5628400,2024-08-23
EVH,"Evolent Health Inc Cl A Com",32.97,0.88,+2.74%,32.12,33.225,31.99,6676600,2024-08-23
EVI,"Evi Industries Inc",16.95,1.1,+6.94%,15.54,17.06,15.5,29100,2024-08-23
EVLV,"Evolv Technologies Hldgs Inc",4.07,0.46,+12.74%,3.7,4.09,3.62,3045800,2024-08-23
EVRI,"Everi Holdings Inc",13,0.02,+0.15%,13.01,13.01,12.99,818700,2024-08-23
EVTC,"Evertec Inc",33.37,0.63,+1.92%,32.99,33.53,32.83,279000,2024-08-23
EWCZ,"European Wax Center Cl A",6.3,-0.05,-0.79%,6.35,6.65,6.14,669800,2024-08-23
EWTX,"Edgewise Therapeutics Inc",19.33,-0.26,-1.33%,19.66,20.42,19.23,866800,2024-08-23
EXLS,"Exlservice Holdings",36.27,0.58,+1.63%,35.92,36.41,35.78,580900,2024-08-23
EXPI,"Exp Realty International",13.11,0.64,+5.13%,12.4,13.48,12.4,2549800,2024-08-23
EXPO,"Exponent Inc",106.26,2.57,+2.48%,104.52,106.42,103.52,242500,2024-08-23
EXTR,"Extreme Networks",15.01,0.13,+0.87%,14.92,15.02,14.69,1167900,2024-08-23
EYE,"National Vision Holdings Inc",10.51,0.27,+2.64%,10.26,10.65,10.22,2207500,2024-08-23
EYPT,"Eyepoint Pharmaceuticals Inc",9.19,0.19,+2.11%,9.02,9.59,8.99,665500,2024-08-23
FA,"First Advantage Corp",18.99,0.46,+2.48%,18.59,19.02,18.48,421700,2024-08-23
FARO,"Faro Tech Inc",17.42,0.94,+5.70%,16.49,17.59,16.49,178400,2024-08-23
FATE,"Fate Therapeutics",3.84,0.07,+1.86%,3.83,3.95,3.71,1176000,2024-08-23
FBIZ,"First Business Finan",44.87,2.25,+5.28%,42.63,45.11,42.16,24800,2024-08-23
FBK,"Fb Financial Corp",47.93,2.76,+6.11%,45.71,48.8,45.69,160300,2024-08-23
FBLG,"Fibrobiologics Inc",1.58,0.17,+12.06%,1.45,1.69,1.3901,226300,2024-08-23
FBMS,"First Bancshs [Ms]",33.46,1.46,+4.56%,32.31,33.89,32.31,426700,2024-08-23
FBNC,"First Bancorp [Nc]",42.95,1.92,+4.68%,41.43,44,41.43,188300,2024-08-23
FBP,"First Bancorp",21.46,0.85,+4.12%,20.77,21.72,20.695,882600,2024-08-23
FBRT,"Franklin Bsp Realty Trust Inc",13.26,0.38,+2.95%,12.95,13.27,12.8972,374200,2024-08-23
FC,"Franklin Covey Company",40.04,1.38,+3.57%,39,40.28,39,55600,2024-08-23
FCBC,"First Community Bksh",44.28,2.73,+6.57%,41.73,44.66,40.28,57700,2024-08-23
FCEL,"Fuelcell Energy Inc",0.45,0.027,+6.38%,0.4378,0.455,0.4308,22928000,2024-08-23
FCF,"First Commonwealth Financial Corp",17.15,0.81,+4.96%,16.49,17.4,16.415,557800,2024-08-23
FCFS,"Firstcash Holdings Inc",118.52,1.98,+1.70%,117.02,118.57,116.91,311300,2024-08-23
FCPT,"Four Corners Property Trust IN",27.49,0.54,+2.00%,27.01,27.66,27.01,967700,2024-08-23
FDBC,"Fidelity D & D Bancorp Inc",50,3.77,+8.15%,50.22,50.88,49.69,8000,2024-08-23
FDMT,"4D Molecular Therapeutics Inc",14.96,0.49,+3.39%,14.63,15.13,14.5,292100,2024-08-23
FDP,"Fresh Del Monte Produce",28.42,0.4,+1.43%,27.99,28.63,27.96,237600,2024-08-23
FELE,"Franklin Electric Company",102.74,2.53,+2.52%,100.97,103.67,100.65,131200,2024-08-23
FENC,"Fennec Pharmaceuticals Inc",5.7,0.2,+3.64%,5.55,5.8,5.55,55100,2024-08-23
FET,"Forum Energy Technologies Inc",17.91,0.95,+5.60%,17.01,18.005,17.01,77900,2024-08-23
FF,"Futurefuel Corp",6.2,0.05,+0.81%,6.16,6.27,6.13,335000,2024-08-23
FFBC,"First Finl Bncp [Oh]",26.77,1.3,+5.10%,25.7,27.03,25.55,775900,2024-08-23
FFIC,"Flushing Finl Corp",14.53,1.08,+8.03%,13.51,14.74,13.51,191500,2024-08-23
FFIN,"First Finl Bkshs Inc",36.61,1.41,+4.01%,35.52,37.52,35.41,640100,2024-08-23
FFNW,"First Financial Nort",22.36,0.14,+0.63%,22.38,22.5,22.23,35500,2024-08-23
FFWM,"First Foundation",6.91,0.35,+5.34%,6.61,7.29,6.55,1135900,2024-08-23
FG,"F&G Annuities & Life Inc",42.11,1.82,+4.52%,40.84,42.51,40.4,66300,2024-08-23
FHTX,"Foghorn Therapeutics Inc",8.01,0.5,+6.66%,7.64,8.26,7.28,208800,2024-08-23
FIBK,"First Interstate Ban",30.73,1.57,+5.38%,29.23,31.1,29.23,521900,2024-08-23
FIGS,"Figs Inc Cl A",5.9,0.3,+5.36%,5.62,5.96,5.595,2541300,2024-08-23
FIHL,"Fidelis Insurance Holdings Limited",18.74,0.68,+3.77%,18.12,18.76,18.0533,583000,2024-08-23
FIP,"Ftai Infrastructure Inc",9.29,0.13,+1.42%,9.2,9.59,9.18,2735300,2024-08-23
FISI,"Financial Institut",25.94,1.37,+5.58%,24.82,26.41,24.82,52800,2024-08-23
FIZZ,"Natl Beverage Corp",45.84,0.67,+1.48%,45.57,46.14,45.18,175000,2024-08-23
FL,"Footlocker Inc",32.71,-0.25,-0.76%,32.67,33.1617,32.14,3472100,2024-08-23
FLGT,"Fulgent Genetics Inc",23.8,0.75,+3.25%,23.18,23.97,23.1,146700,2024-08-23
FLIC,"First of Long Isla",12.83,0.57,+4.65%,12.3,13.17,12.3,98300,2024-08-23
FLL,"Full House Rsts",5.07,0.14,+2.84%,5.01,5.15,4.93,68100,2024-08-23
FLNC,"Fluence Energy Inc Cl A",19.58,1.8,+10.12%,18.05,19.62,18.01,1801400,2024-08-23
FLNG,"Flex Lng Ltd",27.33,0.71,+2.67%,26.73,27.36,26.65,230000,2024-08-23
FLR,"Fluor Corp",49.62,0.89,+1.83%,49.13,50.2,48.63,994900,2024-08-23
FLWS,1-800-Flowers.com,9.48,0.47,+5.22%,9.07,9.66,9.05,144300,2024-08-23
FLXS,"Flexsteel Inds",41.83,0.63,+1.53%,41.5,42.74,40,82300,2024-08-23
FLYW,"Flywire Corp Voting",17.58,0.84,+5.02%,16.88,17.59,16.72,915700,2024-08-23
FMAO,"Farmers & Merch Banc",27.2,1.65,+6.46%,25.81,28.09,25.81,59600,2024-08-23
FMBH,"First Mid Ill Bncshr",39.96,1.72,+4.50%,38.59,40.48,38.47,91400,2024-08-23
FMNB,"Farmers Natl Banc Corp",15.19,0.8,+5.56%,14.55,15.52,14.41,98800,2024-08-23
FN,Fabrinet,267.35,5.51,+2.10%,264.61,272.24,263.01,371400,2024-08-23
FNA,"Paragon 28 Inc",8.56,0.77,+9.88%,7.89,8.605,7.86,410100,2024-08-23
FNKO,"Funko Inc Cl A",10.59,0.22,+2.12%,10.4,10.68,10.28,464300,2024-08-23
FNLC,"First Bancorp Inc",27.61,1.74,+6.73%,26.16,27.97,26.16,26300,2024-08-23
FOLD,"Amicus Therapeutics",11.76,0.06,+0.51%,11.84,11.9,11.69,2129000,2024-08-23
FOR,"Forestar Group Inc",31.41,1.17,+3.87%,30.57,31.63,30.57,146400,2024-08-23
FORM,"Formfactor Inc",51.41,2.2,+4.47%,50.08,51.66,50,411300,2024-08-23
FORR,"Forrester Resrch",18.42,0.65,+3.66%,17.89,18.55,17.75,93800,2024-08-23
FOXF,"Fox Factory Corp",41.21,1.51,+3.80%,39.97,41.9,39.59,571500,2024-08-23
FPI,"Farmland Partners Inc",10.18,0.2,+2.00%,10,10.195,9.99,346000,2024-08-23
FRBA,"First Bank",15.46,0.6,+4.04%,14.9,15.66,14.9,85000,2024-08-23
FREY,"Freyr Battery Inc",1.33,0.11,+9.02%,1.22,1.34,1.22,1442200,2024-08-23
FRGE,"Forge Global Hldgs Inc",1.49,0.08,+5.67%,1.4,1.58,1.4,608100,2024-08-23
FRME,"First Merchants Corp",38.42,1.91,+5.23%,36.79,39.06,36.49,248400,2024-08-23
FRPH,"Frp Holdings Inc",29.64,0.85,+2.95%,29,29.66,29,28200,2024-08-23
FRSH,"Freshworks Inc Cl A",11.95,0.36,+3.11%,11.71,11.96,11.6,1601400,2024-08-23
FRST,"Primis Financial Corp",12.23,0.65,+5.61%,11.71,12.4,11.65,63300,2024-08-23
FSBC,"Five Star Bancorp",29.81,1.51,+5.34%,29.01,30.56,28.65,57800,2024-08-23
FSBW,"FS Bancorp Inc",44.97,2.49,+5.86%,42.88,45.11,42.88,12000,2024-08-23
FSLY,"Fastly Inc",6.38,0.15,+2.41%,6.25,6.46,6.25,2134500,2024-08-23
FSP,"Franklin Street Properties",1.72,0.11,+6.83%,1.62,1.73,1.62,359400,2024-08-23
FSS,"Federal Signal Corp",93.96,1.48,+1.60%,93.2,94.55,92.175,552000,2024-08-23
FSTR,"Foster L B Company",18.84,1.01,+5.66%,18.12,19.11,18.09,22100,2024-08-23
FTAI,"Ftai Aviation Ltd",121.74,2.18,+1.82%,119.09,122.57,118.51,1180100,2024-08-23
FTDR,"Frontdoor Inc",48.52,1.28,+2.71%,47.59,48.71,47.44,612400,2024-08-23
FUBO,"Fubotv Inc",2.07,0.09,+4.55%,2.03,2.15,1.99,24364200,2024-08-23
FUL,"H. B. Fuller Company",83.43,1.86,+2.28%,82.2,83.91,81.84,186200,2024-08-23
FULC,"Fulcrum Therapeutics Inc",9.17,0.38,+4.32%,8.86,9.25,8.81,1310000,2024-08-23
FULT,"Fulton Financial Cor",19.28,1.12,+6.17%,18.35,19.41,18.26,1547400,2024-08-23
FUN,"Cedar Fair LP",44.53,0.81,+1.85%,43.82,44.85,43.5,1014700,2024-08-23
FVCB,"Fvcbankcorp Inc",12.61,1.31,+11.59%,11.97,12.61,11.88,38700,2024-08-23
FWRD,"Foward Air Corp",32.02,0.74,+2.37%,31.31,32.75,30.93,725100,2024-08-23
FWRG,"First Watch Restaurant Group Inc",17.21,0.24,+1.41%,16.97,17.69,16.89,323300,2024-08-23
GABC,"German Amer Bncp Inc",40.24,1.56,+4.03%,39,40.92,36.62,169100,2024-08-23
GALT,"Galectin Therapeutic",2.31,0,0.00%,2.35,2.4,2.25,107200,2024-08-23
GAMB,"Gambling.com Group Ltd",10.16,0.25,+2.52%,9.97,10.3,9.88,200100,2024-08-23
GATX,"GATX Corp",140.52,1.56,+1.12%,139.62,142.525,139.5,137900,2024-08-23
GBCI,"Glacier Bancorp Inc",46.97,2.75,+6.22%,44.58,47.58,44.58,949400,2024-08-23
GBIO,"Generation Bio Co.",2.65,0.13,+5.16%,2.5,2.73,2.45,137800,2024-08-23
GBTG,"Global Business Travel Group Inc",7.18,0.24,+3.46%,6.95,7.2,6.92,571500,2024-08-23
GBX,"Greenbrier Companies",47.8,1.48,+3.20%,46.75,48.12,46.46,156100,2024-08-23
GCBC,"Greene County Bncp",32.7,1.93,+6.27%,30.91,33.49,30.91,21500,2024-08-23
GCI,"Gannett Inc",4.89,0.08,+1.66%,4.85,4.93,4.8,1408200,2024-08-23
GCMG,"Gcm Grosvenor Inc",10.87,0.03,+0.28%,10.89,11.04,10.86,150200,2024-08-23
GCO,"Genesco Inc",31.19,1.55,+5.23%,29.8,31.34,29.6,112200,2024-08-23
GCT,"Gigacloud Technology Inc Cl A",22.54,1.27,+5.97%,21.52,23.1,21.45,1642300,2024-08-23
GCTS,"Gct Semiconductor Holding Inc",2.99,-0.18,-5.68%,3.2,3.2,2.8,699800,2024-08-23
GDEN,"Golden Entmt",31.64,1.16,+3.81%,30.66,31.76,30.52,141200,2024-08-23
GDOT,"Green Dot Corp",11.21,0.46,+4.28%,10.83,11.35,10.81,584500,2024-08-23
GDYN,"Grid Dynamics Holdings Inc",13.91,0.27,+1.98%,13.74,13.94,13.6,246200,2024-08-23
GEF,"Greif Bros Corp",63.78,1.84,+2.97%,62.37,64.27,62.12,102400,2024-08-23
GEF.B,"Greif Bros Corp Cl B",67.53,1.71,+2.60%,66,67.89,65.9113,12400,2024-08-23
GENC,"Gencor Industries IN",20.16,1.23,+6.50%,19.18,20.45,19.18,46000,2024-08-23
GEO,"Geo Group Inc",14.22,0.52,+3.80%,13.74,14.25,13.66,1465700,2024-08-23
GEOS,"Geospace Technologie",10.1,0.63,+6.65%,9.59,10.17,9.59,46000,2024-08-23
GERN,"Geron Corp",4.54,0.06,+1.34%,4.52,4.59,4.48,6180500,2024-08-23
GETY,"Getty Images Holdings Inc Cl A",3.59,0.32,+9.79%,3.33,3.67,3.33,493400,2024-08-23
GFF,"Griffon Corp",66.93,2.64,+4.11%,64.98,67.155,64.655,382900,2024-08-23
GH,"Guardant Health Inc",29.02,1.15,+4.13%,28.11,29.26,27.94,1425200,2024-08-23
GHC,"Graham Holdings Company",789.94,34.71,+4.60%,787.5001,796.25,787.5001,12600,2024-08-23
GHM,"Graham Corp",31.1,1.06,+3.53%,30.25,31.32,30.07,41100,2024-08-23
GIC,"Global Industrial Co.",33.92,1.12,+3.41%,32.93,34.03,32.55,59100,2024-08-23
GIII,"G-III Apparel Gp",26.54,0.82,+3.19%,26.05,26.65,25.93,350900,2024-08-23
GKOS,"Glaukos Corp",132.89,2.83,+2.18%,130.66,133.34,130.02,412700,2024-08-23
GLDD,"Great Lakes Drg Dock",9.07,0.31,+3.54%,8.84,9.19,8.77,418000,2024-08-23
GLNG,"Golar Lng Ltd",32.84,0.5,+1.55%,32.64,33.14,32.54,1111300,2024-08-23
GLRE,"Greenlight Cap. Re.",13.85,0.44,+3.28%,13.5,13.95,13.5,136300,2024-08-23
GLSI,"Greenwich Lifesciences Inc",14.88,0.74,+5.23%,14.63,15.17,14.25,31500,2024-08-23
GLUE,"Monte Rosa Therapeutics Inc",6.33,0.7,+12.43%,5.74,6.36,5.62,283500,2024-08-23
GMGI,"Golden Matrix Group Inc",2.58,0.19,+7.95%,2.44,2.61,2.41,96400,2024-08-23
GMRE,"Global Medical REIT Inc",9.35,0.16,+1.74%,9.19,9.445,9.16,582100,2024-08-23
GMS,"Gms Inc",95.37,2.8,+3.02%,93,95.54,91.91,388400,2024-08-23
GNE,"Genie Energy Ltd Cl B",16.46,0.3,+1.86%,16.19,16.56,16.19,44700,2024-08-23
GNK,"Genco Shipping & Trading Ltd",17.17,0.18,+1.06%,16.99,17.32,16.96,408300,2024-08-23
GNL,"Global Net Lease Inc",8.58,0.26,+3.13%,8.42,8.63,8.335,1280200,2024-08-23
GNTY,"Guaranty Bancshares Inc",33.43,0.62,+1.89%,32.91,35.3,32.11,64700,2024-08-23
GNW,"Genworth Financial Inc",6.82,0.1,+1.49%,6.76,6.84,6.74,2449900,2024-08-23
GOCO,"Gohealth Inc Cl A",9.93,2.02,+25.54%,7.98,10.31,7.98,137500,2024-08-23
GOEV,"Canoo Inc",1.47,0.06,+4.26%,1.44,1.47,1.41,1853800,2024-08-23
GOGL,"Golden Ocean Gp",12.24,0.1,+0.82%,12.1,12.32,12.05,1096300,2024-08-23
GOGO,"Gogo Inc",7.71,0.35,+4.76%,7.33,7.81,7.32,685200,2024-08-23
GOLF,"Acushnet Holdings Corp",67,1.09,+1.65%,66.29,67.875,65.91,264000,2024-08-23
GOOD,"Gladstone Comml",14.76,0.26,+1.79%,14.51,14.78,14.5,438500,2024-08-23
GPI,"Group 1 Automotive",369.19,12.83,+3.60%,358.77,370,358.77,210500,2024-08-23
GPMT,"Granite Point Mortgage Trust Inc",2.58,0.04,+1.57%,2.55,2.685,2.55,397500,2024-08-23
GPOR,"Gulfport Energy Corp",142.27,1.41,+1.00%,142.5,143.88,141.48,205000,2024-08-23
GPRE,"Green Plains Inc",14.04,0.44,+3.24%,13.71,14.38,13.64,601300,2024-08-23
GPRO,"Gopro Inc Cl A",1.34,0.08,+6.35%,1.27,1.36,1.27,1331700,2024-08-23
GRBK,"Green Brick Partners",79.76,4.49,+5.97%,76.03,80.325,75.87,451400,2024-08-23
GRC,"Gorman-Rupp Company",39.32,1.27,+3.34%,38.21,39.68,38.05,127700,2024-08-23
GRND,"Grindr Inc",12.43,0.14,+1.14%,12.38,12.53,12.28,496200,2024-08-23
GRNT,"Granite Ridge Resources Inc",6.5,0.23,+3.67%,6.39,6.545,6.36,400200,2024-08-23
GRPN,"Groupon Cl A",13.72,0.59,+4.49%,13.47,14.02,13.4,878200,2024-08-23
GRWG,"Growgeneration Corp",2.3,0.12,+5.50%,2.18,2.32,2.14,523200,2024-08-23
GSAT,Globalstar,1.48,0.07,+4.96%,1.44,1.48,1.41,6658000,2024-08-23
GSBC,"Great Southern Bncp",60.2,3.23,+5.67%,57.46,61.58,57.46,28300,2024-08-23
GSHD,"Goosehead Insurance Inc Cl A",80.3,-0.21,-0.26%,80.5,81.34,79.58,281100,2024-08-23
GT,"Goodyear Tire Rubber",8.89,0.4,+4.71%,8.55,8.98,8.52,5506600,2024-08-23
GTHX,"G1 Therapeutics Inc",7.12,0.02,+0.28%,7.1,7.12,7.1,966900,2024-08-23
GTLS,"Chart Industries IN",123.6,6.86,+5.88%,118.19,123.78,117.86,493100,2024-08-23
GTN,"Gray Television",5.21,0.34,+6.98%,4.93,5.2457,4.91,1441100,2024-08-23
GTY,"Getty Realty Corp",31.55,0.71,+2.30%,31,31.69,30.85,375100,2024-08-23
GUTS,"Fractyl Health Inc",3.01,0.1,+3.44%,2.95,3.08,2.91,416100,2024-08-23
GVA,"Granite Construction Incorporated",73.7,2.04,+2.85%,72.16,74.57,71.935,425900,2024-08-23
GWRS,"Global Water Reso",12.23,0.35,+2.95%,11.91,12.29,11.87,22400,2024-08-23
GYRE,"Gyre Therapeutics Inc",12.84,1.37,+11.94%,11.68,13,11.56,48800,2024-08-23
HA,"Hawaiian Hlds Inc",17.38,0,0.00%,17.39,17.5,17.28,3352700,2024-08-23
HAE,"Haemonetics Corp",76.25,0.75,+0.99%,75.5,76.45,74.95,463600,2024-08-23
HAFC,"Hanmi Financial Corp",20.3,1.33,+7.01%,19.06,20.49,19.06,241300,2024-08-23
HAIN,"Hain Celestial Group",6.47,0.33,+5.37%,6.18,6.48,6.17,1326600,2024-08-23
HALO,"Halozyme Therapeutic",62.72,1.08,+1.75%,62,62.86,61.61,945100,2024-08-23
HASI,"Ha Sustainable Infrastructure Capital Inc",33.25,2.38,+7.71%,31.09,33.31,31.0553,1687900,2024-08-23
HAYN,"Haynes Intl Inc",60.25,0.45,+0.75%,59.79,60.38,59.79,81000,2024-08-23
HBB,"Hamilton Beach Brands Holding Cl A",28.35,0.75,+2.72%,27.55,28.5923,27.0401,74300,2024-08-23
HBCP,"Home Bancorp Inc",44,2.7,+6.54%,42,44.34,42,23600,2024-08-23
HBI,"Hanesbrands Inc",6.31,0.22,+3.61%,6.14,6.455,6.14,4102300,2024-08-23
HBIO,"Harvard Bioscience",2.99,0.15,+5.28%,2.88,3.04,2.88,81100,2024-08-23
HBNC,"Horizon Bancorp",15.78,0.87,+5.84%,14.99,16.15,14.99,214700,2024-08-23
HBT,"Hbt Financial Inc",22.73,1.29,+6.02%,21.68,22.93,21.68,22200,2024-08-23
HCAT,"Health Catalyst Inc",7.27,0.21,+2.97%,7.15,7.54,6.98,526500,2024-08-23
HCC,"Warrior Met Coal Inc",58.13,0.24,+0.41%,58.1,58.6,56.63,524900,2024-08-23
HCI,"Homeowners Choice",95.02,4.11,+4.52%,91.06,95.2,90.0525,137200,2024-08-23
HCKT,"Hackett Grp Inc",26.04,0.3,+1.17%,25.81,26.31,25.81,132000,2024-08-23
HCSG,"Healthcare Svcs Gp",10.91,0.36,+3.41%,10.61,11.03,10.61,317600,2024-08-23
HDSN,"Hudson Tech Inc",8.33,0.33,+4.12%,8.06,8.37,8.02,379000,2024-08-23
HE,"Hawaiian Electric Industries",11.64,0.5,+4.49%,11.46,11.94,11.36,3019100,2024-08-23
HEAR,"Turtle Beach Corp",15.63,0.61,+4.06%,15.24,15.64,15.24,146000,2024-08-23
HEES,"H&E Equip Services",48.55,2.15,+4.63%,46.7,49.08,46.7,214300,2024-08-23
HELE,"Helen of Troy Ltd",53.36,2.27,+4.44%,51.34,54.25,51.26,487000,2024-08-23
HFFG,"HF Foods Group Inc",3.53,0.37,+11.71%,3.22,3.67,3.22,128700,2024-08-23
HFWA,"Heritage Financial",23,1.01,+4.59%,22.1,23.45,22.04,203500,2024-08-23
HG,"Hamilton Insurance Group Ltd Cl B",19.68,0.49,+2.55%,19.16,19.71,19.1269,368500,2024-08-23
HGV,"Hilton Grand Vacations Inc",38.32,0.91,+2.43%,37.65,38.46,37.53,657600,2024-08-23
HI,"Hillenbrand Inc",33.57,0.76,+2.32%,33.07,34.08,32.93,505600,2024-08-23
HIFS,"Hingham Inst For Svg",256.43,16.39,+6.83%,243.04,261,243.04,21100,2024-08-23
HIMS,"Hims & Hers Health Inc",16.73,0.27,+1.64%,16.74,17.38,16.54,7369500,2024-08-23
HIPO,"Hippo Holdings Inc",19.56,1.26,+6.89%,18.62,19.93,18.62,117400,2024-08-23
HL,"Hecla Mining Company",6.19,0.18,+3.00%,6.15,6.255,6.02,9695300,2024-08-23
HLF,"Herbalife Ltd",8.65,0.28,+3.35%,8.47,8.79,8.46,1643200,2024-08-23
HLIO,"Helios Technologies Inc",43.66,0.65,+1.51%,43.5,44.32,43.01,142900,2024-08-23
HLIT,"Harmonic Inc",14.41,0.69,+5.03%,13.8,14.44,13.75,999900,2024-08-23
HLLY,"Holley Inc",3.27,0.18,+5.83%,3.1,3.27,3.1,409900,2024-08-23
HLMN,"Hillman Solutions Corp",9.67,0.41,+4.43%,9.34,9.69,9.3,712400,2024-08-23
HLNE,"Hamilton Lane Inc Cl A",151.45,4.2,+2.85%,148.4,151.65,147.53,229000,2024-08-23
HLVX,"Hillevax Inc",1.94,0.02,+1.04%,1.95,2.01,1.92,352700,2024-08-23
HLX,"Helix Energy Solutions Group",11.05,0.58,+5.54%,10.74,11.07,10.62,1110400,2024-08-23
HMN,"Horace Mann Educators Corp",34.45,0.35,+1.03%,34.23,34.82,34.135,285600,2024-08-23
HMST,"Homestreet Inc",15.72,0.46,+3.01%,15.26,15.88,15.14,73700,2024-08-23
HNI,"Hon Industries Inc",53.01,1.18,+2.28%,52.28,53.375,52.04,193900,2024-08-23
HNRG,"Hallador Energy Company",6,-0.1,-1.64%,6.22,6.34,5.84,444900,2024-08-23
HNST,"The Honest Company",4.52,0.17,+3.91%,4.39,4.61,4.38,1182700,2024-08-23
HOFT,"Hooker Furnishings Corp",15.74,0.91,+6.14%,15.19,15.87,15.19,33200,2024-08-23
HOMB,"Home Bancshares Inc",27.89,1.07,+3.99%,27.08,28.2,26.9,1155000,2024-08-23
HONE,"Harborone Bancorp Inc",13.13,0.64,+5.12%,12.56,13.42,12.53,165100,2024-08-23
HOPE,"Hope Bancorp Inc",12.84,0.62,+5.07%,12.32,13.08,12.31,694900,2024-08-23
HOUS,"Anywhere Real Estate Inc",5.12,0.33,+6.89%,4.85,5.17,4.84,801600,2024-08-23
HOV,"Hovnanian Enterprises Inc",228.44,-9.86,-4.14%,234.18,238,225.52,163700,2024-08-23
HOWL,"Werewolf Therapeutics Inc",2.39,0.19,+8.64%,2.22,2.4,2.18,160800,2024-08-23
HP,"Helmerich & Payne",33.45,1.05,+3.24%,32.59,33.95,32.59,1249200,2024-08-23
HPK,"Highpeak Energy Inc",15.47,0.35,+2.31%,15.36,15.7,15.25,116200,2024-08-23
HPP,"Hudson Pacific Properties",5.55,0.42,+8.19%,5.16,5.63,5.1249,3158800,2024-08-23
HQI,"Hirequest Inc",13.31,0.36,+2.78%,12.9,13.65,12.9,28400,2024-08-23
HQY,Healthequity,76.62,1.47,+1.96%,75.64,77.07,75.14,378700,2024-08-23
HRI,"Herc Holdings Inc",146.38,8.905,+6.48%,138.11,147.105,138.11,202500,2024-08-23
HRMY,"Harmony Biosciences Holdings Inc",36.36,0.35,+0.97%,36.38,37.14,36.19,225200,2024-08-23
HROW,"Harrow Inc",42.7,1.38,+3.34%,41.51,43.24,41.4,671200,2024-08-23
HRTG,"Heritage Insurance Holdings",14.89,0,0.00%,14.85,15.2,14.59,429400,2024-08-23
HRTX,"Heron Therapeutics",1.95,0.08,+4.28%,1.9,1.97,1.87,1026600,2024-08-23
HSHP,"Himalaya Shipping Ltd",7.55,0.09,+1.21%,7.41,7.57,7.35,116500,2024-08-23
HSII,"Heidrick & Struggl",37.32,0.05,+0.13%,36.38,37.89,36.16,207300,2024-08-23
HSTM,"Healthstream Inc",28.79,0.58,+2.06%,28.23,28.94,28.23,110100,2024-08-23
HTBI,"Hometrust Bancshares",35.69,1.93,+5.72%,34.09,36,33.7,49300,2024-08-23
HTBK,"Heritage Commerce",10.04,0.37,+3.83%,9.69,10.19,9.69,816000,2024-08-23
HTH,"Hilltop Holdings Inc",33.03,1.69,+5.39%,31.58,33.21,31.54,380800,2024-08-23
HTLD,"Heartland Express",12.38,0.19,+1.56%,12.2,12.52,12.18,305800,2024-08-23
HTLF,"Heartland Finl USA",55.89,3.22,+6.11%,53.15,56.08,53.15,264000,2024-08-23
HTZ,"Hertz Global Holdings Inc",3.29,0.17,+5.45%,3.15,3.37,3.13,6292600,2024-08-23
HUBG,"Hub Group Inc A",43.69,0.66,+1.53%,43.36,44.06,43.14,318800,2024-08-23
HUMA,"Humacyte Inc",7.03,0.63,+9.84%,6.44,7.03,6.33,2084400,2024-08-23
HURN,"Huron Consulting",107.64,2.35,+2.23%,106,108.53,105.53,84800,2024-08-23
HUT,"Hut 8 Corp",12.57,1.12,+9.78%,11.56,12.75,11.4,4644400,2024-08-23
HVT,"Haverty Furniture Companies",28.13,1.69,+6.39%,26.79,28.351,26.575,314900,2024-08-23
HWC,"Hancock Whitney Corp",52.46,2.03,+4.03%,50.4,53.18,50.31,1026800,2024-08-23
HWKN,"Hawkins Inc",125.18,3.96,+3.27%,121.69,125.21,121.69,97200,2024-08-23
HY,"Hyster-Yale Inc",61.62,2,+3.35%,60.02,62.66,58.7931,70500,2024-08-23
HYLN,"Hyliion Hldg Corp Cl A",2.03,0.08,+4.10%,1.99,2.075,1.95,745400,2024-08-23
HZO,"Marinemax Inc",32.1,2.08,+6.93%,30.3,32.29,30.2329,215200,2024-08-23
IART,"Integra Lifesciences",21.07,0.7,+3.44%,20.55,21.21,20.28,683800,2024-08-23
IAS,"Integral Ad Science Holding Corp",11.68,0.41,+3.64%,11.46,11.72,11.35,632400,2024-08-23
IAUX,"I-80 Gold Corp",1.07,0.04,+3.88%,1.05,1.08,1.02,3223900,2024-08-23
IBCP,"Independent Bank Corp",34.32,1.82,+5.60%,32.76,34.61,32.76,157900,2024-08-23
IBEX,"Ibex Ltd",17.16,0.42,+2.51%,16.8,17.49,16.8,55600,2024-08-23
IBOC,"Intl Bancshares",62.45,2.16,+3.58%,60.79,62.84,60.32,591700,2024-08-23
IBP,"Installed Building Products",232.29,14.57,+6.69%,220.3,233.09,219.2,265100,2024-08-23
IBRX,"Immunitybio Inc",4.25,0.09,+2.16%,4.26,4.36,4.18,1934700,2024-08-23
IBTA,"Ibotta Inc Cl A",57.78,7.84,+15.70%,53,58.26,52.5,315600,2024-08-23
IBTX,"Independent Bank Group",57.82,3.18,+5.82%,55.15,58.61,55.15,157600,2024-08-23
ICFI,"Icf International",163.09,3.5,+2.19%,160.37,163.1,159.69,87100,2024-08-23
ICHR,"Ichor Holdings Ltd",31.07,0.51,+1.67%,30.91,31.79,30.79,164200,2024-08-23
ICUI,"I C U Medical Inc",163.55,4.72,+2.97%,159.55,164.48,159.32,201500,2024-08-23
IDCC,"Interdigital Inc",135.08,0.77,+0.57%,134.98,135.9,133.83,256900,2024-08-23
IDT,"IDT Corp",38.05,0.82,+2.20%,37.16,38.285,36.9153,133500,2024-08-23
IDYA,"Ideaya Biosciences Inc",39.49,1.16,+3.03%,38.81,39.71,38.26,398100,2024-08-23
IE,"Ivanhoe Electric Inc",7.08,0.1,+1.43%,6.96,7.32,6.94,566400,2024-08-23
IESC,"Ies Holdings",192.43,17.86,+10.23%,177.2,192.51,176.67,242800,2024-08-23
IGMS,"Igm Biosciences Inc",10.45,-0.36,-3.33%,10.86,11.58,10.22,153400,2024-08-23
IGT,"International Game Technology",22.17,0.4,+1.84%,21.99,22.37,21.87,591700,2024-08-23
IHRT,"Iheartmedia Inc",1.69,0.19,+12.67%,1.5,1.72,1.5,604600,2024-08-23
III,"Information Svcs Group",3.4,0.1,+3.03%,3.33,3.47,3.33,97000,2024-08-23
IIIN,"Insteel Industries",33.92,1.33,+4.08%,32.88,34.145,32.78,80700,2024-08-23
IIIV,"I3 Verticals Inc Cl A",21.83,0.51,+2.39%,21.47,21.92,21.23,113200,2024-08-23
IIPR,"Innovative Industrial Properties",124.46,3.57,+2.95%,121.62,125.09,121.06,202200,2024-08-23
ILPT,"Industrial Logistics Properties Trust",5.05,0.26,+5.43%,4.84,5.09,4.76,483500,2024-08-23
IMAX,"Imax Corp",21.38,0.19,+0.90%,21.16,21.62,21.09,489000,2024-08-23
IMKTA,"Ingles Markets Inc",71.94,1.49,+2.11%,70.3,72.66,70.24,70900,2024-08-23
IMMR,"Immersion Corp",9.52,0.16,+1.71%,9.38,9.56,9.05,1415500,2024-08-23
IMNM,"Immunome Inc",15.45,0.87,+5.97%,14.79,15.59,14.5,298200,2024-08-23
IMVT,"Immunovant Inc",32.42,1.02,+3.25%,31.67,32.53,31.3,504700,2024-08-23
IMXI,"International Money Express Inc",17.7,0.61,+3.57%,17.24,17.72,17.09,259100,2024-08-23
INBK,"First Internet Bcp",36.2,2.47,+7.32%,33.97,36.5,33.95,28900,2024-08-23
INBX,"Inhibrx Biosciences Inc",13.34,0.35,+2.69%,13.92,14.35,12.93,281800,2024-08-23
INDB,"Independent Bk Corp",62.99,3.82,+6.46%,59.71,64.07,59.37,262600,2024-08-23
INDI,"Indie Semiconductor Cl A",4.09,0.01,+0.25%,4.08,4.28,4.07,2927000,2024-08-23
INFN,"Infinera Corp",6.07,0.06,+1.00%,6.05,6.12,6.01,2939200,2024-08-23
INFU,"Infusystems Holdings",6.62,0.47,+7.64%,6.21,6.66,6.21,62000,2024-08-23
INGN,"Inogen Inc",12.51,0.29,+2.37%,12.23,12.86,12.19,256300,2024-08-23
INMB,"Inmune Bio Inc",6.95,0.5,+7.75%,6.47,6.99,6.42,183900,2024-08-23
INMD,"Inmode Ltd",16.25,0.76,+4.91%,15.59,16.3,15.58,1133900,2024-08-23
INN,"Summit Hotel Properties",6.89,0.17,+2.53%,6.79,6.94,6.76,723700,2024-08-23
INNV,"Innovage Holding Corp",6.33,0.26,+4.28%,6.13,6.36,6.04,64900,2024-08-23
INO,"Inovio Pharma",7.51,0.12,+1.62%,7.46,7.76,7.42,243800,2024-08-23
INOD,"Innodata Inc",19.14,1.3,+7.29%,17.9,19.16,17.8,354800,2024-08-23
INSE,"Inspired Entertainment Inc",8.99,0.37,+4.29%,8.69,9.08,8.61,56400,2024-08-23
INSM,"Insmed Inc",78.84,-0.17,-0.22%,79.09,80.3,76.74,4967300,2024-08-23
INST,"Instructure Holdings Inc",23.41,0,0.00%,23.39,23.43,23.39,242400,2024-08-23
INSW,"International Seaways Inc",50.88,0.91,+1.82%,50.14,51.37,50.14,546700,2024-08-23
INTA,"Intapp Inc",43.75,0.56,+1.30%,43.61,44.43,43.35,1213900,2024-08-23
INVA,"Innoviva Inc",18.86,0.22,+1.18%,18.69,19,18.58,375800,2024-08-23
INZY,"Inozyme Pharma Inc",5.4,0.29,+5.68%,5.13,5.63,5.09,636100,2024-08-23
IONQ,"Ionq Inc",7.38,0.07,+0.96%,7.37,7.6799,7.345,4239900,2024-08-23
IOSP,"Innospec Inc",113.69,2.23,+2.00%,112.4,114.9,111.73,150500,2024-08-23
IOVA,"Iovance Biotherapeutics Inc",11.87,0.25,+2.15%,11.7,12.5,11.69,8989900,2024-08-23
IPAR,"Inter Parfums Inc",125.66,3.12,+2.55%,123.07,126.05,122.31,159300,2024-08-23
IPI,"Intrepid Potash Inc",23.04,0.66,+2.95%,22.63,23.55,22.41,43100,2024-08-23
IPSC,"Century Therapeutics Inc",1.79,0.04,+2.29%,1.77,1.87,1.75,337800,2024-08-23
IRBT,"Irobot Corp",7.97,0.45,+6.06%,7.55,8.24,7.55,1073200,2024-08-23
IRMD,"Iradimed Corp",45.84,1.13,+2.53%,45.24,45.87,44.71,37000,2024-08-23
IRON,"Disc Medicine Inc",49.41,0.66,+1.35%,49.3,50.17,48.45,178600,2024-08-23
IRT,"Independence Realty Trust Inc",20.11,0.36,+1.82%,19.84,20.26,19.74,1624900,2024-08-23
IRTC,"Irhythm Technologies Inc",70.01,0.17,+0.24%,70.84,72.11,69.55,322100,2024-08-23
IRWD,"Ironwood Pharmaceuti",4.98,0.29,+6.18%,4.72,5.06,4.63,1572700,2024-08-23
ISPR,"Ispire Technology Inc",7.5,0.26,+3.59%,7.37,7.59,7.37,38200,2024-08-23
ISTR,"Investar Holding",18.32,0.91,+5.23%,17.4,18.36,17.4,85900,2024-08-23
ITGR,"Integer Holdings Corp",126.68,3.06,+2.48%,124.27,126.77,123.43,167000,2024-08-23
ITI,"Iteris Inc",7.08,0.03,+0.43%,7.07,7.11,7.06,601900,2024-08-23
ITIC,"Investors Title Company",221.2,4.29,+1.98%,218.84,225.95,218.4,20500,2024-08-23
ITOS,"Iteos Therapeutics Inc",17.48,0.01,+0.06%,17.64,17.79,17.13,288900,2024-08-23
ITRI,"Itron Inc",101.96,1.77,+1.77%,100.52,102.91,100.5,315400,2024-08-23
IVR,"Invesco Mortgage Capital Inc",8.69,0.15,+1.76%,8.57,8.71,8.57,1362600,2024-08-23
IVT,"Inventrust Pptys Corp",28.68,0.45,+1.59%,28.23,28.9,28.23,316100,2024-08-23
IVVD,"Invivyd Inc",1.01,0.1319,+15.02%,0.9,1.01,0.88,359400,2024-08-23
JACK,"Jack IN The Box Inc",51.74,0.85,+1.67%,51.1,52.71,51.02,475500,2024-08-23
JAKK,"Jakks Pacific Inc",23.45,0.64,+2.81%,23.11,23.74,22.95,72800,2024-08-23
JAMF,"Jamf Holding Corp",18.5,0.61,+3.41%,18.09,18.69,17.99,496900,2024-08-23
JANX,"Janux Therapeutics Inc",45.92,1.72,+3.89%,44.8,46.44,43.98,355200,2024-08-23
JBGS,"Jbg Smith Properties",17.57,0.29,+1.68%,17.43,17.87,17.43,473400,2024-08-23
JBI,"Janus International Group Inc",11.26,0.34,+3.11%,11.01,11.28,10.92,1214800,2024-08-23
JBLU,"Jetblue Airways Corp",4.78,0.04,+0.84%,4.79,4.85,4.75,18878900,2024-08-23
JBSS,"John B Sanfilippo",93.9,0.91,+0.98%,93.03,95.62,93.03,88400,2024-08-23
JBT,"John Bean Technologies Corp",90.14,3.33,+3.84%,87.36,90.6,87.0408,217400,2024-08-23
JELD,"Jeld-Wen Holding Inc",14.75,1.01,+7.35%,13.94,14.78,13.89,656800,2024-08-23
JILL,"J. Jill Inc",34.1,0.8,+2.40%,33.56,34.75,33.4758,103700,2024-08-23
JJSF,"J J Snack Foods",167.99,-2.46,-1.44%,171.48,172.97,167.73,114300,2024-08-23
JMSB,"John Marshall Bk Fal",19.5,0.77,+4.11%,18.99,19.5,18.98,45600,2024-08-23
JOBY,"Joby Aviation Inc",5.11,0.13,+2.61%,5.05,5.17,5.01,4719600,2024-08-23
JOE,"St. Joe Company",60.29,1.56,+2.66%,59.21,60.75,59.21,200900,2024-08-23
JOUT,"Johnson Outdoors",36.92,1.27,+3.56%,35.93,37.33,35.93,31900,2024-08-23
JRVR,"James River Gp HD",7.46,0.11,+1.50%,7.37,7.61,7.35,216600,2024-08-23
JSPR,"Jasper Therapeutics Inc.",19.29,1.13,+6.22%,18.28,19.39,18.28,136500,2024-08-23
JXN,"Jackson Financial Inc Cl A",87.16,3.13,+3.72%,84.55,87.33,83.86,736300,2024-08-23
JYNT,"The Joint Corp",11.46,0.3,+2.69%,11.31,11.6,11.28,23800,2024-08-23
KAI,"Kadant Inc",320.25,10.09,+3.25%,313.53,323.75,313.53,46400,2024-08-23
KALU,"Kaiser Aluminum",74.3,3.48,+4.91%,71.59,74.42,71.02,87400,2024-08-23
KALV,"Kalvista Pharmaceuticals Inc",12.63,0.21,+1.69%,12.4,12.69,12.33,168900,2024-08-23
KAR,"Openlane Inc",17.62,0.45,+2.62%,17.3,17.7,17.26,622600,2024-08-23
KBH,"KB Home",85.83,4.05,+4.95%,82.68,85.95,82.17,1681500,2024-08-23
KE,"Kimball Electrnc",18.24,0.43,+2.41%,17.9,18.33,17.8,181900,2024-08-23
KELYA,"Kelly Svcs Cl A",20.78,0.24,+1.17%,20.64,21.14,20.55,159000,2024-08-23
KFRC,"Kforce Inc",65.91,1.75,+2.73%,64.67,66.33,64.5599,65900,2024-08-23
KFS,"Kingsway Financial Services",8.18,0.23,+2.89%,8.15,8.24,8.11,29800,2024-08-23
KFY,"Korn/Ferry International",72.15,2.1,+3.00%,70.29,72.545,70.18,241600,2024-08-23
KGS,"Kodiak Gas Services Inc",27.2,1.1,+4.21%,26.3,27.45,26.24,529300,2024-08-23
KIDS,"Orthopediatrics Corp",32.56,2.47,+8.21%,30.13,32.58,29.43,130900,2024-08-23
KIND,"Nextdoor Holdings Inc.",2.64,0.14,+5.60%,2.49,2.64,2.48,2355200,2024-08-23
KLG,"Wk Kellogg CO",17.73,0.71,+4.17%,17.16,17.73,17.1,653800,2024-08-23
KLIC,"Kulicke and Soffa",43.57,1.32,+3.12%,42.89,44.56,42.81,680300,2024-08-23
KLTR,"Kaltura Inc",1.28,0.09,+7.56%,1.2,1.29,1.19,128600,2024-08-23
KMT,"Kennametal Inc",25.86,0.7,+2.78%,25.21,26.005,25.07,525800,2024-08-23
KN,"Knowles Corp",18.42,0.62,+3.48%,17.97,18.51,17.94,349100,2024-08-23
KNF,"Knife River Holding CO",79.48,3.43,+4.51%,77.07,80.14,76.66,274500,2024-08-23
KNSA,"Kiniksa Pharmaceuticals International Plc",27.38,1.17,+4.46%,26.51,27.43,26.06,379600,2024-08-23
KNTK,"Kinetik Holdings Inc",43.3,0.84999999999999,+2.00%,42.82,43.56,42.82,343900,2024-08-23
KOD,"Kodiak Sciences Inc",2.87,0.19,+7.09%,2.73,2.88,2.7,162900,2024-08-23
KODK,"Eastman Kodak",5.13,0.21,+4.27%,4.99,5.195,4.99,408800,2024-08-23
KOP,"Koppers Holdings Inc",39.12,1.48,+3.93%,38.17,39.4,37.86,218500,2024-08-23
KOS,"Kosmos Energy Ltd",4.82,0.16,+3.43%,4.72,4.8888,4.7,4122100,2024-08-23
KREF,"KKR Real Estate Finance Trust Inc",11.58,0.41,+3.67%,11.21,11.615,11.16,512800,2024-08-23
KRG,"Kite Realty Group Trust",25.75,0.47,+1.86%,25.37,25.985,25.26,1572000,2024-08-23
KRNY,"Kearny Financial",6.88,0.51,+8.01%,6.39,7.06,6.39,429600,2024-08-23
KRO,"Kronos Worldwide Inc",11.77,0.43,+3.79%,11.51,11.82,11.47,231500,2024-08-23
KROS,"Keros Therapeutics Inc",45.51,0.77,+1.72%,44.87,45.84,44.45,580900,2024-08-23
KRRO,"Korro Bio Inc",45.09,0.9,+2.04%,44.32,46.98,43.28,73700,2024-08-23
KRT,"Karat Packaging Inc",26.33,1.12,+4.44%,25.26,26.33,25.15,59700,2024-08-23
KRUS,"Kura Sushi USA Inc Cl A",67.37,3.76,+5.91%,64.43,68.41,64.3,191400,2024-08-23
KRYS,"Krystal Biotech Inc",201.58,4.06,+2.06%,199.6,202.5,198.29,204500,2024-08-23
KTB,"Kontoor Brands Inc",73.62,2.32,+3.25%,71.95,73.7,71.86,368300,2024-08-23
KTOS,"Kratos Defns",22.77,1.12,+5.17%,21.76,22.99,21.76,1563800,2024-08-23
KURA,"Kura Oncology",20.18,0.44,+2.23%,19.89,20.37,19.65,517400,2024-08-23
KW,"Kennedy-Wilson Holdings Inc",10.99,0.49,+4.67%,10.58,11.025,10.51,904900,2024-08-23
KWR,"Quaker Chemical Corp",167.06,3.86,+2.37%,164.22,169.2,163.27,64600,2024-08-23
KYMR,"Kymera Therapeutics Inc",47.78,1.93,+4.21%,46.49,47.87,45.81,709800,2024-08-23
KYTX,"Kyverna Therapeutics Inc",8.09,0.14,+1.76%,7.98,8.78,7.8,421800,2024-08-23
LAB,"Standard Biotools Inc",2.14,0.19,+9.74%,1.97,2.17,1.95,2550600,2024-08-23
